wave_label,volume_trend,horizon_hours,period,count,mean_return,std,t_stat,direction
5,flat,24,train,5,-0.03609720032823069,0.007438365259168592,-10.851281285476077,up
2,rising,24,train,9,0.06449513943312075,0.051424108255355525,3.762542995176039,down
A,falling,24,train,54,-0.020977960841530436,0.048315707919312556,-3.190595902577873,down
A,falling,72,holdout,21,0.02887134301095792,0.04258215014540054,3.107055757188901,down
3,falling,168,train,5,0.04679618846184384,0.03678051169166172,2.8449701669674248,down
B,falling,72,holdout,43,0.016492834683023996,0.03913546060502739,2.7634975506462425,up
C,falling,168,holdout,17,0.02579184572276943,0.040665222652648256,2.615072468752069,down
B,rising,72,holdout,10,0.056641778138927845,0.06913431949908842,2.5908554671360724,up
A,falling,24,holdout,21,0.026602359012854015,0.04768823809849734,2.5563394392764436,down
1,flat,24,train,6,-0.024888173133671043,0.024430300623539892,-2.495398061078204,up
B,rising,24,train,42,0.0275305042624598,0.07201559928798687,2.4774918376771287,up
C,falling,72,holdout,17,0.027501429946318098,0.04633212232950614,2.447358221964765,down
1,rising,168,train,16,-0.03219413477802606,0.05515949339393567,-2.334621498287041,up
A,rising,168,holdout,29,-0.024877941510629942,0.05744888656780205,-2.332017609059827,down
C,rising,72,holdout,31,0.024730631096589996,0.0599717116581686,2.295987936357903,down
3,rising,24,holdout,5,-0.071949372745959,0.07038378445499167,-2.2858061646474175,down
4,falling,24,holdout,6,0.050039202728563555,0.05369175004622447,2.282855628940026,down
3,falling,24,train,5,-0.05577419474066529,0.05615917816329066,-2.2207392435090996,down
B,falling,24,holdout,43,0.012506735358593679,0.03815837805159113,2.1492566623982183,up
B,flat,168,holdout,10,-0.050082170116542514,0.07749032397588947,-2.043787141496164,down
1,falling,72,train,10,0.011970428201393483,0.022547608741219395,1.6788395664643327,down
B,rising,168,holdout,10,0.03211992141272683,0.06142392733114233,1.6536244806074505,up
C,falling,168,train,52,0.021503206310051228,0.09431156097013874,1.6441444111463412,up
1,flat,168,train,6,-0.03539716471617949,0.05678399159047971,-1.5269266824564878,up
5,rising,72,train,15,-0.024786303877728667,0.06483442477557472,-1.4806477032035716,up
C,falling,24,train,52,-0.011121580976767008,0.054782014041253296,-1.4639633528537912,up
2,falling,168,train,21,0.04616770855483431,0.14611141653154414,1.447984176305026,up
B,flat,168,train,14,-0.03683279113465022,0.10436053287702851,-1.3205728375003463,up
C,flat,24,holdout,20,0.011968594380845084,0.041161362948331476,1.3003743663340706,down
A,flat,168,train,24,-0.017968198907680626,0.06860070133027797,-1.283162360359888,up
B,rising,168,train,42,-0.013287631773575519,0.07068450523945997,-1.2182825037642746,up
B,rising,24,holdout,10,0.02000252162949435,0.0527899645104441,1.1982112108347898,up
A,rising,24,holdout,29,-0.018299621332820825,0.08271601959156898,-1.1913832081378235,down
2,falling,72,train,21,0.017075975849571465,0.06570104397523414,1.191030570616138,up
C,flat,72,holdout,20,0.008171935172788806,0.031046613370651965,1.1771333855917785,down
1,falling,24,train,10,-0.01165787379226065,0.031500554317624864,-1.1703106391909337,down
3,falling,72,train,5,-0.01017898624497878,0.0209382212147505,-1.0870505642462762,down
4,falling,168,holdout,6,-0.01606302560696865,0.03683684690403347,-1.068121182164074,down
B,flat,72,train,14,-0.023226516900913537,0.08293662380731752,-1.0478563575632942,up
2,rising,168,train,9,-0.0344578169210796,0.10288177794844247,-1.0047790077562881,down
B,falling,168,holdout,43,0.006263382371320138,0.04173465705782165,0.9841160260937445,up
5,falling,72,train,8,-0.02311093435731895,0.06874392474176577,-0.9508853889273958,up
B,flat,24,holdout,10,0.004819075395499715,0.016399784195386746,0.9292350609188288,down
A,rising,168,train,74,-0.008432441862026227,0.08191802465228541,-0.8855024031704658,up
4,rising,24,train,8,0.026819949889696743,0.08800702288874426,0.8619570491351528,up
4,rising,72,train,8,0.01646070550740205,0.05516578051326292,0.8439635135480688,up
A,flat,72,train,24,-0.010788540608932725,0.06352421477153992,-0.8320109002912078,up
5,falling,24,train,8,0.021818840912727858,0.07710178754257092,0.8004094773290078,up
C,flat,24,train,19,-0.007630319563303317,0.0434539150421244,-0.7654038042629391,up
A,falling,168,train,54,0.007621684322800438,0.0772286497121728,0.725219370311807,down
A,rising,24,train,74,0.006585364920927014,0.08027644449542047,0.705679622559994,up
B,flat,24,train,14,0.007911960792416304,0.04227548793759828,0.7002603160135661,up
1,rising,72,train,16,-0.007441397587597669,0.04323724053297409,-0.6884248389461971,up
1,falling,168,train,10,0.01157398196284286,0.053226556121088994,0.6876293953158531,down
3,rising,168,holdout,5,-0.023329011325863288,0.07610472421307819,-0.6854404337165773,down
4,falling,72,train,22,-0.010347496195063442,0.07201875693650228,-0.6739085939907322,up
A,flat,24,holdout,8,-0.009462720436728906,0.040508944337704494,-0.660708779128131,up
A,falling,168,holdout,21,0.006002239928179607,0.043298625680003214,0.6352561629426599,down
C,falling,24,holdout,17,0.005304683029499491,0.03470041982146108,0.6303027039321555,down
5,falling,168,train,8,-0.022021029702446872,0.09885225196766027,-0.6300805139534796,up
C,flat,72,train,19,-0.010337052200656964,0.07835234770948366,-0.5750710378690371,up
5,rising,168,train,15,-0.01030450629578043,0.07018319895334726,-0.5686429497318273,up
5,rising,24,train,15,-0.008895770131038276,0.06493257284605386,-0.5305991747914304,up
1,rising,24,train,16,0.006724346738101286,0.0548681311431038,0.4902187552598243,up
A,falling,72,train,54,-0.002604893281322621,0.03963834129808879,-0.4829157198325219,down
B,flat,72,holdout,10,-0.005895232598296549,0.04094206808154911,-0.4553351411061452,down
B,falling,24,train,91,-0.0021495145712762866,0.04737281331097804,-0.43284450938070224,up
1,flat,72,train,6,-0.01272490710868284,0.0789844862183464,-0.3946285015315748,up
C,flat,168,train,19,-0.008249939952116194,0.09273220141106402,-0.3877903683332892,up
C,rising,72,train,71,0.0035812363363469323,0.07935289027923643,0.38027642896199,up
4,falling,24,train,22,-0.0030578174604136118,0.03784229821789627,-0.379005395613221,up
5,flat,72,train,5,-0.013135595358364898,0.08220453187646119,-0.35730492560161586,up
C,rising,24,train,71,0.0028734926442807486,0.07235916370779631,0.3346152463923709,up
3,rising,24,train,22,0.006835165556510492,0.09622107297887567,0.3331886379431404,up
2,falling,24,train,21,-0.004068802815624502,0.058241210484923804,-0.3201443914919194,up
A,rising,72,train,74,0.0024622606972203426,0.0706131790041649,0.29996054148044005,up
2,rising,72,train,9,-0.0034352334708604385,0.038514147476217474,-0.26758220259049215,down
C,falling,72,train,52,0.0017788803829408733,0.05077496104715699,0.2526380838639545,up
A,rising,72,holdout,29,0.0019731297718851475,0.046050964401564205,0.2307362971774009,down
B,rising,72,train,42,0.0013728050770760284,0.04309227370088756,0.2064591391891283,up
4,falling,168,train,22,-0.005642894099456833,0.13077248070098094,-0.20239364790843517,up
A,flat,24,train,24,-0.0015615563009158263,0.03833962535359232,-0.199533308246757,up
3,rising,72,train,22,0.0037932626383507663,0.09022673687250238,0.19719186880504536,up
5,flat,168,train,5,0.006344779333154976,0.07213265005038944,0.19668427378253123,up
B,falling,72,train,91,-0.0011628422026134161,0.05766044658137649,-0.19238157660978752,up
A,flat,72,holdout,8,0.0026581970742284838,0.043383700522240914,0.17330279845110014,up
3,rising,168,train,22,-0.0038292705879637793,0.1041499114651016,-0.17245210160770943,up
A,flat,168,holdout,8,-0.0032919997307594923,0.06472632446488606,-0.1438546280839507,up
B,falling,168,train,91,0.0014570170665922006,0.1080333184223543,0.12865528128294768,up
C,rising,168,holdout,30,-0.0018351983134208087,0.07852390237316406,-0.12800936827861192,down
C,rising,24,holdout,31,-0.001656154848769398,0.07391571745969079,-0.12475127433262112,down
4,rising,168,train,8,-0.0030072571213142635,0.0713237060886329,-0.11925638864645323,up
3,rising,72,holdout,5,0.0016298004113557154,0.045232669618810555,0.08056885742673377,down
4,falling,72,holdout,6,-0.0006924492367835211,0.027636191617396083,-0.06137413310709589,down
C,rising,168,train,71,-0.00042880856876736223,0.09052965104705525,-0.039911843055455136,up
C,flat,168,holdout,19,0.0007254453014165496,0.1376714132421945,0.022968768050475624,down
