category,sentiment_sign,horizon_hours,n,mean_return,std,t_stat,symbol,confident
key_person_statement,negative,4,1902.0,0.0008595182813214438,0.01046128889419408,3.583234071682035,BTCUSDT,True
key_person_statement,positive,4,1866.0,0.0007779844937282083,0.010304398610670177,3.261400326336124,BTCUSDT,True
exchange_security,positive,4,92.0,-0.002780921476770109,0.00935378547525726,-2.8516435228133434,BTCUSDT,True
etf,neutral,4,199.0,-0.0010402846270545429,0.007625248162148263,-1.924530227148598,BTCUSDT,True
technical,positive,4,39.0,-0.003494883872663524,0.012167559298619639,-1.793748627294101,BTCUSDT,True
exchange_inflow,negative,4,938.0,-0.0006145226670530499,0.010522535214458378,-1.7886235232126682,BTCUSDT,True
stablecoin_burn,negative,4,327.0,0.000955191798573522,0.010510259205723306,1.6434293334961827,BTCUSDT,True
regulation,negative,4,449.0,-0.0007529534709452595,0.010235054069620806,-1.5588386630977114,BTCUSDT,True
macro,negative,4,513.0,-0.0006965155289412723,0.010455890272698179,-1.5087888610018791,BTCUSDT,True
dxy_down_extreme,neutral,4,33.0,0.003062485491811626,0.012142641729640698,1.4488313295846769,BTCUSDT,True
fgi_neutral,neutral,4,14.0,-0.001647261867981155,0.0044104867815667696,-1.3974624211645927,BTCUSDT,False
exchange_to_exchange,neutral,4,235.0,-0.0009327009343308001,0.011720654290349243,-1.2199007172842842,BTCUSDT,True
price_action,negative,4,169.0,0.0010490422397485017,0.012078466932689068,1.1290794761230805,BTCUSDT,True
institutional_adoption,negative,4,86.0,0.0013863085593174666,0.011434342068740154,1.1243407463991462,BTCUSDT,True
macro,positive,4,778.0,0.0003829384733606134,0.009907844643315582,1.0780517574764337,BTCUSDT,True
price_action,positive,4,231.0,0.0006851279547101031,0.010422185125672716,0.9991228579091851,BTCUSDT,True
dxy_up_extreme,neutral,4,30.0,0.002085709707254549,0.011647524469960986,0.9808009058208396,BTCUSDT,True
technical,neutral,4,13.0,0.0025673445051868377,0.009643790067538889,0.9598604065832999,BTCUSDT,False
key_person_statement,neutral,4,1513.0,-0.0002274670155912453,0.009564030814563248,-0.9251175650966839,BTCUSDT,True
wallet_to_wallet,neutral,4,384.0,0.00048142637055404694,0.01026460204175435,0.9190801176942056,BTCUSDT,True
technical,negative,4,27.0,0.0013609183100551235,0.008636859749263905,0.8187627423846303,BTCUSDT,False
exchange_security,negative,4,229.0,-0.00041938774435607614,0.007904910874832007,-0.8028538576275492,BTCUSDT,True
etf,positive,4,223.0,0.0004517929926625436,0.010388208142187497,0.6494583120894435,BTCUSDT,True
dormant_activation,neutral,4,7.0,0.0017386847881956265,0.007688341147847859,0.598325109335753,BTCUSDT,False
stablecoin_mint,positive,4,527.0,0.00024728655994986733,0.009921445332723152,0.5721776331440153,BTCUSDT,True
fgi_greed,neutral,4,9.0,0.0016293587045052072,0.008696099004058336,0.5620998692901762,BTCUSDT,False
regulation,neutral,4,169.0,0.0003791413885739594,0.009011374809505576,0.546957390592868,BTCUSDT,True
regulation,positive,4,800.0,0.00017628664926260765,0.009269725211662543,0.5378950606622676,BTCUSDT,True
price_action,neutral,4,113.0,0.0006534399608695238,0.014038924975581495,0.4947787723057442,BTCUSDT,True
exchange_outflow,positive,4,821.0,0.00012298881240710137,0.011575111970452268,0.30444720104228096,BTCUSDT,True
macro,neutral,4,368.0,0.00015981802175215086,0.011202522328319796,0.2736741902401189,BTCUSDT,True
fgi_extreme_fear,neutral,4,108.0,0.00014941728584317185,0.010725027013358625,0.14478191819213193,BTCUSDT,True
institutional_adoption,positive,4,350.0,-6.0080461148716965e-05,0.010775262212308035,-0.10431323935723043,BTCUSDT,True
exchange_security,neutral,4,29.0,-0.00015082770453650688,0.00918325994703893,-0.08844702764542517,BTCUSDT,False
etf,negative,4,119.0,-6.375313056373315e-05,0.012010488074006712,-0.05790476985125055,BTCUSDT,True
institutional_adoption,neutral,4,63.0,5.204446843135961e-06,0.014269118294092614,0.002894994303388785,BTCUSDT,True
fgi_fear,neutral,4,139.0,1.2597188023828803e-06,0.006681630832760909,0.0022227905155403757,BTCUSDT,True
key_person_statement,positive,4,1866.0,0.0010615269545703704,0.013523047324153352,3.3908788867984683,ETHUSDT,True
key_person_statement,negative,4,1902.0,0.0009529546534901174,0.01343370914599736,3.0937238852381834,ETHUSDT,True
etf,neutral,4,199.0,-0.0017192556639060116,0.009391407883854874,-2.5824760283238994,ETHUSDT,True
exchange_security,positive,4,92.0,-0.003116438441362243,0.012202240114950927,-2.4496999856995045,ETHUSDT,True
stablecoin_burn,negative,4,327.0,0.0017311780735300047,0.013774441135805194,2.272697486970818,ETHUSDT,True
wallet_to_wallet,neutral,4,43.0,-0.004945516731760486,0.0169289699501807,-1.9156464944330636,ETHUSDT,True
regulation,negative,4,449.0,-0.0011657614050833566,0.013605358668421394,-1.8156111796434469,ETHUSDT,True
fgi_greed,neutral,4,9.0,-0.004423616495707378,0.008278183375814962,-1.6031113210047316,ETHUSDT,False
stablecoin_mint,positive,4,527.0,0.0009009515455370541,0.01320695846829937,1.5660438924012894,ETHUSDT,True
key_person_statement,neutral,4,1513.0,0.0004898574135279848,0.0123295214715968,1.5454071877015805,ETHUSDT,True
macro,positive,4,778.0,0.0006866079094742375,0.013623949563395209,1.4057094789007922,ETHUSDT,True
regulation,neutral,4,169.0,0.0016180024480580233,0.015076817302847356,1.3951241433947659,ETHUSDT,True
dxy_down_extreme,neutral,4,33.0,0.0023168624069638795,0.00966113138253987,1.3776193194377113,ETHUSDT,True
fgi_neutral,neutral,4,14.0,-0.0021112845114266885,0.005885006755299585,-1.3423439625871652,ETHUSDT,False
technical,positive,4,39.0,-0.003018880103164632,0.014202056126519523,-1.327476812773879,ETHUSDT,True
macro,negative,4,513.0,-0.0007720312291038698,0.013804522680762071,-1.2666952911125995,ETHUSDT,True
regulation,positive,4,800.0,0.0005650337327293743,0.013184528880448491,1.2121455006392217,ETHUSDT,True
technical,negative,4,27.0,0.0024957450498554867,0.01096203675717287,1.183016621320764,ETHUSDT,False
technical,neutral,4,13.0,0.003148780383235983,0.011344663322218404,1.0007427108654323,ETHUSDT,False
institutional_adoption,negative,4,86.0,0.0017971467881057522,0.016676741846438397,0.999359098243613,ETHUSDT,True
price_action,negative,4,169.0,0.0011836711583503583,0.015872716431566347,0.9694449670853327,ETHUSDT,True
exchange_outflow,positive,4,85.0,-0.0015965453119174545,0.0161038333915343,-0.9140320893436114,ETHUSDT,True
institutional_adoption,positive,4,350.0,-0.0006710361954751319,0.014877417377349508,-0.8438250651671642,ETHUSDT,True
exchange_security,neutral,4,29.0,0.0017286925741425167,0.014902407021143498,0.6246839453129304,ETHUSDT,False
price_action,neutral,4,113.0,0.0008863280701264949,0.016750323873379228,0.5624844447538184,ETHUSDT,True
etf,positive,4,223.0,0.0004490911804217643,0.013551463490009266,0.4948809750227265,ETHUSDT,True
price_action,positive,4,231.0,0.00041475260669178373,0.014382640272687952,0.43828488729910026,ETHUSDT,True
dxy_up_extreme,neutral,4,30.0,0.0009870660604435833,0.015104481886131864,0.3579324012094012,ETHUSDT,True
exchange_security,negative,4,229.0,-0.00021144452794534288,0.01042326027544286,-0.30698037269032274,ETHUSDT,True
exchange_to_exchange,neutral,4,72.0,-0.00040031299025742565,0.013120758318797995,-0.25888506422914287,ETHUSDT,True
fgi_fear,neutral,4,139.0,0.0001959305779705764,0.009077442816927045,0.25447557125412174,ETHUSDT,True
fgi_extreme_fear,neutral,4,108.0,-0.00031337673536354277,0.014113537188567256,-0.23075055684810522,ETHUSDT,True
exchange_inflow,negative,4,289.0,-0.0001792187924748165,0.015689921170233566,-0.19418322367686733,ETHUSDT,True
etf,negative,4,119.0,-0.00018769124079905336,0.01657682469358666,-0.12351398715749098,ETHUSDT,True
institutional_adoption,neutral,4,63.0,0.0002579448479547621,0.019283809155226723,0.10617060885095311,ETHUSDT,True
macro,neutral,4,368.0,-1.0848113455128189e-06,0.01463519603142142,-0.0014219344753532135,ETHUSDT,True
key_person_statement,positive,4,1866.0,0.0014015144806928713,0.01422661460511809,4.255512223069596,SOLUSDT,True
key_person_statement,negative,4,1902.0,0.0013512788440302648,0.014174742857950926,4.1575266765921395,SOLUSDT,True
etf,neutral,4,199.0,-0.0020126285573102637,0.010997919515693825,-2.581544595102504,SOLUSDT,True
macro,positive,4,778.0,0.0011427867146201732,0.014601851966045435,2.1829663446872996,SOLUSDT,True
institutional_adoption,negative,4,86.0,0.002851849229557279,0.01526096333440601,1.7329811481797213,SOLUSDT,True
regulation,negative,4,449.0,-0.0011389525421302883,0.014048038355334679,-1.7179602638955165,SOLUSDT,True
dxy_down_extreme,neutral,4,33.0,0.0029821333314160553,0.01066636338417381,1.6060817661684803,SOLUSDT,True
exchange_security,positive,4,92.0,-0.0019437689838640289,0.012284063520185965,-1.517736952684126,SOLUSDT,True
price_action,neutral,4,113.0,0.0023408493450814125,0.016453075898256307,1.5123962241307705,SOLUSDT,True
technical,positive,4,39.0,-0.004018863012938088,0.01742938279676655,-1.4399701793394422,SOLUSDT,True
wallet_to_wallet,neutral,4,19.0,-0.0034407370655208124,0.010472146373729363,-1.432163438578719,SOLUSDT,False
fgi_neutral,neutral,4,14.0,-0.0020678508246378497,0.0055130389309677045,-1.4034345502789125,SOLUSDT,False
exchange_outflow,positive,4,6.0,0.0006200301405731512,0.0011490486420361792,1.321752112129058,SOLUSDT,False
regulation,positive,4,800.0,0.0006401677837780176,0.013999116591192344,1.2934158468010726,SOLUSDT,True
regulation,neutral,4,169.0,0.0012853911545538418,0.013520344064577212,1.2359215807961375,SOLUSDT,True
technical,neutral,4,13.0,0.0059522520611664485,0.018740705488209518,1.1451623325772802,SOLUSDT,False
institutional_adoption,positive,4,350.0,-0.0009201051030360868,0.01523049166700246,-1.130205816940951,SOLUSDT,True
stablecoin_mint,positive,4,527.0,0.0005925636126154933,0.013964726806669292,0.9741096439441118,SOLUSDT,True
dxy_up_extreme,neutral,4,30.0,0.0027462092413086023,0.01571661212328295,0.9570515180339477,SOLUSDT,True
macro,negative,4,513.0,-0.0005971017581979486,0.014726417329600002,-0.9183535916116865,SOLUSDT,True
exchange_inflow,negative,4,15.0,-0.0022620106158710704,0.01177293203193442,-0.7441416819913089,SOLUSDT,False
technical,negative,4,27.0,0.0015062760173363198,0.011172411464378843,0.7005506198640677,SOLUSDT,False
price_action,positive,4,231.0,0.0006250384638673886,0.015178542255229294,0.6258678887875798,SOLUSDT,True
price_action,negative,4,169.0,0.0008346091456081675,0.017607651900355296,0.616204758834836,SOLUSDT,True
stablecoin_burn,negative,4,327.0,0.0004568416919937548,0.014197839393406339,0.581858453831999,SOLUSDT,True
institutional_adoption,neutral,4,63.0,0.0014127264132781216,0.02161568251523148,0.5187515255378657,SOLUSDT,True
exchange_security,negative,4,229.0,-0.00036977888259748525,0.011898860352180485,-0.47027780161762045,SOLUSDT,True
etf,positive,4,223.0,0.00033377159765499745,0.01445235954363269,0.3448760627144269,SOLUSDT,True
key_person_statement,neutral,4,1513.0,0.0001036774859828916,0.013158603645122089,0.30647433835157134,SOLUSDT,True
fgi_fear,neutral,4,139.0,-0.0002059038465530642,0.008436715218701494,-0.28773882795569844,SOLUSDT,True
exchange_security,neutral,4,29.0,0.000721972977008216,0.013924336269530333,0.27921930296918296,SOLUSDT,False
etf,negative,4,119.0,-0.000309522619560325,0.017355503703578298,-0.19454884210910828,SOLUSDT,True
fgi_extreme_fear,neutral,4,108.0,0.00022902000667947511,0.015320012317803753,0.15535534017461455,SOLUSDT,True
fgi_greed,neutral,4,9.0,0.0004267045745735712,0.02557893518495575,0.05004562208960178,SOLUSDT,False
macro,neutral,4,368.0,-5.960087602375287e-07,0.015209211850989352,-0.0007517437796309577,SOLUSDT,True
exchange_to_exchange,neutral,4,1.0,-0.021056661562021513,,,SOLUSDT,False
