bucket,count,mean,std,t_stat,horizon_hours,feature,symbol
q1,1389,0.003130641269349522,0.04793173757872587,2.434228012772392,72,value,XRPUSDT
q2,1200,-0.004500775765958157,0.0560756074502032,-2.7803790826651174,72,value,XRPUSDT
q3,1295,-0.01055946406711106,0.0408913516844293,-9.292772266950367,72,value,XRPUSDT
q4,1320,-0.010598990684034436,0.04774053775388771,-8.066110540192978,72,value,XRPUSDT
q5,1188,0.01142941931782655,0.103261667107247,3.814988685972823,72,value,XRPUSDT
q1,1703,-0.006628279718251941,0.05226687652688322,-5.2333719733138935,72,fgi_change_1d,XRPUSDT
q2,1104,-0.003471083756587713,0.04166110631273725,-2.76833619791259,72,fgi_change_1d,XRPUSDT
q3,1414,-0.006713272592969402,0.05292931633527569,-4.769388524224224,72,fgi_change_1d,XRPUSDT
q4,1032,-0.006107935635766881,0.04192847608065399,-4.679777689106526,72,fgi_change_1d,XRPUSDT
q5,1139,0.013851185367643905,0.10492213551823454,4.455348516321141,72,fgi_change_1d,XRPUSDT
q1,1484,-0.012067407027479556,0.054186503360078415,-8.57906157585057,72,fgi_change_7d,XRPUSDT
q2,1198,-0.002694225556572148,0.04197674127305359,-2.2215374554214073,72,fgi_change_7d,XRPUSDT
q3,1393,-0.000978729163494719,0.047625022464466975,-0.7670132987947722,72,fgi_change_7d,XRPUSDT
q4,1248,0.0004801379052011931,0.05036351771336319,0.3367884813551365,72,fgi_change_7d,XRPUSDT
q5,1069,0.006324020718737613,0.10696176568238268,1.9330966723325844,72,fgi_change_7d,XRPUSDT
extreme_fear,2589,-0.00040651610506886924,0.05199490473893365,-0.39781668508984824,72,fgi_zone,XRPUSDT
fear,3334,-0.007802549825856582,0.05577055760175608,-8.078195546110818,72,fgi_zone,XRPUSDT
neutral,336,0.0188128979835627,0.12804941824566357,2.693070542054657,72,fgi_zone,XRPUSDT
greed,133,0.04214694644114619,0.11860587997078333,4.098129857697525,72,fgi_zone,XRPUSDT
q1,1389,0.0037598523485090052,0.05521169307087584,2.537995502307611,72,value,DOGEUSDT
q2,1200,-0.0032972293234301113,0.05757847950594074,-1.9837164028611316,72,value,DOGEUSDT
q3,1295,-0.014196419409248998,0.05067905922629092,-10.080571659993309,72,value,DOGEUSDT
q4,1320,-0.013447467798928643,0.04638715184535271,-10.532458844347833,72,value,DOGEUSDT
q5,1188,0.009381306698717498,0.07553968841420158,4.280518373997251,72,value,DOGEUSDT
q1,1703,-0.006379851604231692,0.056794238926367716,-4.635681792102321,72,fgi_change_1d,DOGEUSDT
q2,1104,0.0002974331867601064,0.05986231615343477,0.1650898772732172,72,fgi_change_1d,DOGEUSDT
q3,1414,-0.012290209070235125,0.04535813049817091,-10.188935883643815,72,fgi_change_1d,DOGEUSDT
q4,1032,-0.003956955531476885,0.04523806760655455,-2.809939523853612,72,fgi_change_1d,DOGEUSDT
q5,1139,0.007264430403947348,0.07820040934045074,3.135121692894855,72,fgi_change_1d,DOGEUSDT
q1,1484,-0.008924878653695623,0.05556162473986626,-6.187914915985974,72,fgi_change_7d,DOGEUSDT
q2,1198,0.004661171733129665,0.06110957310537473,2.6400628337527103,72,fgi_change_7d,DOGEUSDT
q3,1393,-0.004716959073373825,0.044012732518244446,-3.9999939446147246,72,fgi_change_7d,DOGEUSDT
q4,1248,-0.003612284863197746,0.05059181112605229,-2.5223715366370754,72,fgi_change_7d,DOGEUSDT
q5,1069,-0.004663215026425169,0.07877109163357332,-1.9355635288940565,72,fgi_change_7d,DOGEUSDT
extreme_fear,2589,0.0004888990822568078,0.056420015610880794,0.440912128298968,72,fgi_zone,DOGEUSDT
fear,3334,-0.009301270963122058,0.051477923069648206,-10.432876768123537,72,fgi_zone,DOGEUSDT
neutral,336,0.010767510511127398,0.09673446692099374,2.040345433599131,72,fgi_zone,DOGEUSDT
greed,133,0.018064102164084703,0.09539646404653444,2.183785227324713,72,fgi_zone,DOGEUSDT
q1,1389,0.0002744993590859481,0.034940116465281876,0.29279800234985687,72,value,BNBUSDT
q2,1200,-0.010988153078880536,0.04641879826162792,-8.200143100084652,72,value,BNBUSDT
q3,1295,0.0006389612879480406,0.04176000984469426,0.5506160146215282,72,value,BNBUSDT
q4,1320,-0.0034991726065363576,0.03810422880128381,-3.3364080096656683,72,value,BNBUSDT
q5,1188,0.006386066139576157,0.039516031584945245,5.570168187289346,72,value,BNBUSDT
q1,1703,-0.005605673208178849,0.04580988603899289,-5.049819893220117,72,fgi_change_1d,BNBUSDT
q2,1104,0.0024700661888951373,0.02775085499478567,2.9574455636078567,72,fgi_change_1d,BNBUSDT
q3,1414,-0.001318720342307578,0.03982045717361338,-1.2452919151055386,72,fgi_change_1d,BNBUSDT
q4,1032,-0.0019298279029882296,0.03741350773966369,-1.657028592373132,72,fgi_change_1d,BNBUSDT
q5,1139,0.0014630824206233975,0.04534066741813082,1.0890372767597576,72,fgi_change_1d,BNBUSDT
q1,1484,-0.011617203778953486,0.0517285704723542,-8.651433644456002,72,fgi_change_7d,BNBUSDT
q2,1198,0.0027357415729480096,0.03332167864371552,2.841689400973793,72,fgi_change_7d,BNBUSDT
q3,1393,-7.510910269256058e-05,0.031076088559226864,-0.09020732020953941,72,fgi_change_7d,BNBUSDT
q4,1248,0.004932551988977608,0.03635805115391797,4.792679282281678,72,fgi_change_7d,BNBUSDT
q5,1069,-0.0010271247730805689,0.043084856854689116,-0.7794484580821195,72,fgi_change_7d,BNBUSDT
extreme_fear,2589,-0.004945733520620418,0.041043395967857596,-6.131312479242046,72,fgi_zone,BNBUSDT
fear,3334,-0.0012433227407258726,0.03878614863335217,-1.850930097538585,72,fgi_zone,BNBUSDT
neutral,336,0.012655026265917474,0.04853246801430846,4.7796964100917885,72,fgi_zone,BNBUSDT
greed,133,0.027731900701601375,0.03089642715133946,10.351354839310202,72,fgi_zone,BNBUSDT
q1,1389,0.006157164459254513,0.07021006663766317,3.268379602674223,72,value,ADAUSDT
q2,1200,-0.0029651055443873837,0.06983379256413222,-1.4708390491513734,72,value,ADAUSDT
q3,1295,-0.013111588870186276,0.07199009671664987,-6.554166202067197,72,value,ADAUSDT
q4,1320,-0.012370431783339865,0.06308069090215808,-7.124844379512617,72,value,ADAUSDT
q5,1188,-0.0019224638976664866,0.07622089518015263,-0.8693454153024833,72,value,ADAUSDT
q1,1703,-0.005307575470613703,0.07649015454980951,-2.863505119184549,72,fgi_change_1d,ADAUSDT
q2,1104,0.0006052016583828586,0.05862539583856342,0.3430037420126925,72,fgi_change_1d,ADAUSDT
q3,1414,-0.017605153330770056,0.06155977271262036,-10.753937520247561,72,fgi_change_1d,ADAUSDT
q4,1032,-0.0014053275547282825,0.06452729532220339,-0.6996389001954725,72,fgi_change_1d,ADAUSDT
q5,1139,0.0036140942678673624,0.08453493151554385,1.4428631208935145,72,fgi_change_1d,ADAUSDT
q1,1484,-0.007749915495807197,0.08038081972338901,-3.714167510383395,72,fgi_change_7d,ADAUSDT
q2,1198,0.00619895928528641,0.06752283819394435,3.1775800795335387,72,fgi_change_7d,ADAUSDT
q3,1393,-0.005388580665049792,0.051986423634129135,-3.8686550299309803,72,fgi_change_7d,ADAUSDT
q4,1248,-0.007723469735629527,0.06795000491710856,-4.015413264302847,72,fgi_change_7d,ADAUSDT
q5,1069,-0.008773138823389344,0.08177027293521552,-3.50790971208502,72,fgi_change_7d,ADAUSDT
extreme_fear,2589,0.0019289975977750703,0.07017005546231006,1.398768656889928,72,fgi_zone,ADAUSDT
fear,3334,-0.011518416129982535,0.0666582453801499,-9.977498804794427,72,fgi_zone,ADAUSDT
neutral,336,0.005850460055247937,0.09581383546774885,1.119261155661118,72,fgi_zone,ADAUSDT
greed,133,0.006347971033615279,0.08419122108882733,0.8695487765533841,72,fgi_zone,ADAUSDT
q1,1389,0.009266488303464436,0.05022834909605118,6.875707621792965,72,value,LINKUSDT
q2,1200,-0.005041565022225313,0.052536329387510794,-3.3242698414450835,72,value,LINKUSDT
q3,1295,-0.005611166364702445,0.05154434077053242,-3.9174822726494454,72,value,LINKUSDT
q4,1320,-0.004049173962140564,0.050055417939156584,-2.9390184283776546,72,value,LINKUSDT
q5,1188,0.0055212532491959315,0.06433449275993386,2.958026136532512,72,value,LINKUSDT
q1,1703,-0.003979397420540002,0.058795497259510006,-2.7930619622043813,72,fgi_change_1d,LINKUSDT
q2,1104,0.008344917880294822,0.04601303315914443,6.025953017163592,72,fgi_change_1d,LINKUSDT
q3,1414,-0.0023865595701111813,0.050063192843205935,-1.792579559867481,72,fgi_change_1d,LINKUSDT
q4,1032,0.002740203396678889,0.04622074502969198,1.9045207442537184,72,fgi_change_1d,LINKUSDT
q5,1139,-0.0009833337939683766,0.06379495952948938,-0.5202073217767067,72,fgi_change_1d,LINKUSDT
q1,1484,-0.0105247300692877,0.055558353655207594,-7.297574691186517,72,fgi_change_7d,LINKUSDT
q2,1198,0.0019569434316476383,0.04634619843425036,1.4614789489211346,72,fgi_change_7d,LINKUSDT
q3,1393,0.005840552474984705,0.047329186417867875,4.605750939739117,72,fgi_change_7d,LINKUSDT
q4,1248,0.006452670702567851,0.05435943289277669,4.193453946191673,72,fgi_change_7d,LINKUSDT
q5,1069,-0.0020069115324396784,0.06484395834190132,-1.0119232236308064,72,fgi_change_7d,LINKUSDT
extreme_fear,2589,0.0026347138767252704,0.051795002905173713,2.5882821799801996,72,fgi_zone,LINKUSDT
fear,3334,-0.0029680852540530855,0.0532314198344809,-3.219519937001495,72,fgi_zone,LINKUSDT
neutral,336,0.007027846009873963,0.07803215334698779,1.6508905588972322,72,fgi_zone,LINKUSDT
greed,133,0.011143750115976615,0.039661062337967956,3.2403568683242385,72,fgi_zone,LINKUSDT
