bucket,mean,std,count,symbol,dim
0,-9.374593267955146e-05,0.004702938428215704,729,BTCUSDT,hour_utc
1,0.00013893527658619692,0.005434455214228515,729,BTCUSDT,hour_utc
2,3.294107677861515e-05,0.004531536407383725,730,BTCUSDT,hour_utc
3,0.0001871901129607687,0.004105986826880011,729,BTCUSDT,hour_utc
4,4.326145733388861e-05,0.003576871954385472,729,BTCUSDT,hour_utc
5,1.5550420039558516e-06,0.003620383799496092,729,BTCUSDT,hour_utc
6,-0.00018794276709951558,0.004337247960356806,730,BTCUSDT,hour_utc
7,2.6686058728200903e-05,0.0038172165885808035,729,BTCUSDT,hour_utc
8,0.00016863655913073472,0.004143406428527424,729,BTCUSDT,hour_utc
9,0.00013886419155629415,0.0037793020561596945,730,BTCUSDT,hour_utc
10,-6.533066425178086e-05,0.0033976732962401504,729,BTCUSDT,hour_utc
11,0.0001112342021774681,0.003573323267909505,729,BTCUSDT,hour_utc
12,-5.3602836455860975e-05,0.003912808779031117,730,BTCUSDT,hour_utc
13,-0.0003571527904764216,0.006151814248651392,729,BTCUSDT,hour_utc
14,8.590138357014472e-05,0.007354147071467673,729,BTCUSDT,hour_utc
15,0.0002562943955639788,0.007361634384907044,729,BTCUSDT,hour_utc
16,-0.0001634931442299734,0.005405643770610428,730,BTCUSDT,hour_utc
17,0.0001527336902463319,0.006044174430167688,729,BTCUSDT,hour_utc
18,-0.00017260416675086916,0.0050869723316662434,729,BTCUSDT,hour_utc
19,1.2278106938197836e-05,0.004986629336279474,730,BTCUSDT,hour_utc
20,9.733957598889274e-05,0.004657645337122728,729,BTCUSDT,hour_utc
21,0.00027912887777026637,0.004574410886631451,729,BTCUSDT,hour_utc
22,0.00025943839438094724,0.004881416917751337,729,BTCUSDT,hour_utc
23,-0.0002831744098185396,0.003855430093309975,730,BTCUSDT,hour_utc
Friday,5.749244825480597e-05,0.00543319507384812,2493,BTCUSDT,weekday
Monday,0.00011879442850087804,0.0057282397779842885,2492,BTCUSDT,weekday
Saturday,-2.037212416503967e-05,0.0027779848396071115,2492,BTCUSDT,weekday
Sunday,3.659461811968096e-05,0.003856168534807231,2493,BTCUSDT,weekday
Thursday,-0.00018087268153644013,0.0051029182709793905,2508,BTCUSDT,weekday
Tuesday,-3.017938275779671e-05,0.005228776480444709,2505,BTCUSDT,weekday
Wednesday,0.00019742160016591846,0.00508728996375604,2520,BTCUSDT,weekday
0,-0.00021000702590218354,0.006902751721990092,729,ETHUSDT,hour_utc
1,0.00011990855516631468,0.008552593954508138,729,ETHUSDT,hour_utc
2,7.565153666851847e-05,0.0062079287747299535,730,ETHUSDT,hour_utc
3,0.00040470462191862097,0.005869560608582698,729,ETHUSDT,hour_utc
4,8.010474097081494e-05,0.005126752670869707,729,ETHUSDT,hour_utc
5,5.813392751466383e-05,0.006048483639102236,729,ETHUSDT,hour_utc
6,-0.0003415271868269972,0.006133620475595671,730,ETHUSDT,hour_utc
7,8.618245439941715e-05,0.005873414069161162,729,ETHUSDT,hour_utc
8,0.00011154380807313153,0.00603553410642426,729,ETHUSDT,hour_utc
9,0.00026292410477346556,0.005530283280767717,730,ETHUSDT,hour_utc
10,-0.00023142814123240155,0.005180047471708813,729,ETHUSDT,hour_utc
11,0.00016964970202937744,0.0057228668492961795,729,ETHUSDT,hour_utc
12,-3.54526667023103e-06,0.00628826418347453,730,ETHUSDT,hour_utc
13,-0.00046319004501436625,0.008460212788985627,729,ETHUSDT,hour_utc
14,-0.0001949928236577958,0.009909024474491513,729,ETHUSDT,hour_utc
15,0.0001324526307253856,0.010103194260169299,729,ETHUSDT,hour_utc
16,-0.00010297043438519747,0.008430840277074978,730,ETHUSDT,hour_utc
17,0.0002108605477545712,0.00892340805122233,729,ETHUSDT,hour_utc
18,-0.0004442227669599537,0.007324275038583844,729,ETHUSDT,hour_utc
19,0.00011055966878901247,0.007196222525262423,730,ETHUSDT,hour_utc
20,2.518492664588599e-05,0.007638928955606798,729,ETHUSDT,hour_utc
21,0.0005776934843406374,0.007377318723540374,729,ETHUSDT,hour_utc
22,0.0004494423332684166,0.0073922529000277695,729,ETHUSDT,hour_utc
23,-0.00033186022090715613,0.005370691188054198,730,ETHUSDT,hour_utc
Friday,7.143845522789477e-05,0.0077194832580641795,2493,ETHUSDT,weekday
Monday,0.00011700111852344604,0.008424203425510098,2492,ETHUSDT,weekday
Saturday,7.844968275866943e-05,0.004758179735837657,2492,ETHUSDT,weekday
Sunday,-1.1466497414916827e-05,0.006304295321817481,2493,ETHUSDT,weekday
Thursday,-0.00032020204721905783,0.0072078291337713055,2508,ETHUSDT,weekday
Tuesday,-0.00012274672250503927,0.007439127448303339,2505,ETHUSDT,weekday
Wednesday,0.00034742323481330093,0.007425359460902846,2520,ETHUSDT,weekday
0,-7.899963612337288e-05,0.008500081130675415,729,SOLUSDT,hour_utc
1,0.00040847778643196623,0.008980268476843238,729,SOLUSDT,hour_utc
2,0.0003127461062319229,0.007879539991104509,730,SOLUSDT,hour_utc
3,0.0004431205035906388,0.0078419496833934,729,SOLUSDT,hour_utc
4,0.00017495177471047997,0.007777726044376325,729,SOLUSDT,hour_utc
5,-7.563069210591676e-05,0.007299850742350205,729,SOLUSDT,hour_utc
6,-0.00029547367542647607,0.007420583784544998,730,SOLUSDT,hour_utc
7,9.375980120884276e-05,0.0061478015994205475,729,SOLUSDT,hour_utc
8,0.00019549171703729215,0.007425104361962885,729,SOLUSDT,hour_utc
9,0.00011865197653421124,0.0067394946708168755,730,SOLUSDT,hour_utc
10,-0.0002821868227922425,0.0068832573582662026,729,SOLUSDT,hour_utc
11,0.00012987467941612239,0.006998517773522782,729,SOLUSDT,hour_utc
12,-0.0002520442130946478,0.007346745793148277,730,SOLUSDT,hour_utc
13,-0.0006582758546811248,0.009789867966924354,729,SOLUSDT,hour_utc
14,0.00018116642088299628,0.01138085809587018,729,SOLUSDT,hour_utc
15,0.00010155271285919823,0.012076426150184305,729,SOLUSDT,hour_utc
16,-0.0003427545516824567,0.009791008867391607,730,SOLUSDT,hour_utc
17,0.00020648019125418598,0.010050272024842174,729,SOLUSDT,hour_utc
18,-3.522345164053142e-05,0.008441407588880073,729,SOLUSDT,hour_utc
19,-0.0002823475893204492,0.008489118685852478,730,SOLUSDT,hour_utc
20,-2.910689344070015e-06,0.007947551293975898,729,SOLUSDT,hour_utc
21,0.00024024817999716394,0.00821801853906751,729,SOLUSDT,hour_utc
22,0.0003492905341660909,0.007990411711952803,729,SOLUSDT,hour_utc
23,-0.0003454366318417949,0.006653867017939611,730,SOLUSDT,hour_utc
Friday,0.00013414879345657229,0.008858563822312442,2493,SOLUSDT,weekday
Monday,-8.106073111757246e-05,0.009616804938001692,2492,SOLUSDT,weekday
Saturday,3.46794150276045e-05,0.006398364493267666,2492,SOLUSDT,weekday
Sunday,9.200510532184345e-05,0.008110973886475513,2493,SOLUSDT,weekday
Thursday,-0.00024819077635198765,0.008295861057091056,2508,SOLUSDT,weekday
Tuesday,-3.232194024558822e-05,0.008620236202212013,2505,SOLUSDT,weekday
Wednesday,0.0001889381630826931,0.008384581695624397,2520,SOLUSDT,weekday
