symbol,period,n_fixed,n_adaptive,mean_ret_fixed,mean_ret_adaptive,worst_dd_fixed,worst_dd_adaptive,prob_adaptive_better,mean_diff,ci_low,ci_high
BTCUSDT,train,63,62,0.02056254256322487,0.018596376257124375,-0.09115850863943498,-0.13098424125106756,0.4658,-0.0015279131571794284,-0.038197808175084655,0.03467425469658708
BTCUSDT,holdout,18,18,0.007265869842415198,0.007265869842415198,-0.03979080074316854,-0.03979080074316854,0.5032,0.0001533008535058602,-0.02269989905816918,0.02263373849158223
ETHUSDT,train,81,80,0.00734442180466082,0.013402025690971393,-0.0906978697932801,-0.11702429159521366,0.6648,0.006061314597064776,-0.02115699429418744,0.03278567980657846
ETHUSDT,holdout,11,11,0.010793400201522751,0.010793400201522751,-0.04931308221582853,-0.04931308221582853,0.489,-0.0004085295586108163,-0.029414885203899954,0.028805167992475986
SOLUSDT,train,80,79,0.00360824412866166,0.0033926332838253134,-0.11376021798365121,-0.15645111860251315,0.4916,-0.00026540400922899063,-0.03405566690950029,0.034079937929561065
SOLUSDT,holdout,14,14,0.01294253518114836,0.01294253518114836,-0.04799775449101795,-0.04799775449101795,0.5,0.00030810704598901946,-0.03152449767410091,0.032563687992227086
XRPUSDT,train,62,62,0.00197744657549158,0.01255497694748348,-0.12094493428714026,-0.11197881298383805,0.7508,0.01038730198076745,-0.02016394009150416,0.041899185249164486
XRPUSDT,holdout,10,10,0.014078259055572306,0.012805368952146734,-0.046938009940917125,-0.046938009940917125,0.4724,-0.0019650344767076244,-0.06747991533903103,0.06382782119105102
DOGEUSDT,train,46,46,0.0329704021367079,0.04082019120150339,-0.11365200145707699,-0.1649333426397711,0.573,0.007014983590564944,-0.12423910815474334,0.13008466008804861
DOGEUSDT,holdout,9,9,0.004733991544840579,0.0035097477779101206,-0.06740725502297185,-0.06740725502297185,0.4732,-0.0015248131667109138,-0.04352586192118263,0.03969049880994147
BNBUSDT,train,55,55,0.01804041336974553,0.012498078953924857,-0.11208051413619124,-0.1827848188101323,0.3728,-0.005647816621158905,-0.039351476504889966,0.027150159628372184
BNBUSDT,holdout,14,14,0.0091807598050674,0.0091807598050674,-0.03328827306522464,-0.03328827306522464,0.4972,-9.795345872698514e-05,-0.019726316252962416,0.019357811127073028
LINKUSDT,train,52,53,-0.0013648966027027148,0.009234596925837151,-0.09822064056939506,-0.14528125896871713,0.7754,0.010526988218447402,-0.017049460712021507,0.03790490841141696
LINKUSDT,holdout,14,14,0.011354821095438363,0.011063830792513909,-0.03848895224518878,-0.03848895224518878,0.489,-0.00033638810424208097,-0.020975917575441733,0.020269151740289246
