symbol,period,horizon_hours,n,mean_ret,t_stat
BTCUSDT,full,24,1009,0.0009794827519020383,1.075238792085
BTCUSDT,full,72,1007,-0.0007650426554113985,-0.48899605886481257
BTCUSDT,full,168,1006,4.6008698360172836e-05,0.01929149749916644
BTCUSDT,train,24,856,0.0012241611790264394,1.2065905653202629
BTCUSDT,train,72,856,-0.00044397403127019165,-0.25707684312975926
BTCUSDT,train,168,856,0.0018620793900036377,0.7100356598825868
BTCUSDT,holdout,24,153,-0.00038943707566977336,-0.19763624210561656
BTCUSDT,holdout,72,151,-0.0025851402863045973,-0.714901590959576
BTCUSDT,holdout,168,150,-0.010317701381951858,-1.846154919122763
ETHUSDT,full,24,1014,0.0008394197206034569,0.6963960131445978
ETHUSDT,full,72,1013,0.0017420761780275909,0.8155689752893519
ETHUSDT,full,168,1010,-0.0004158411306640736,-0.130205607919812
ETHUSDT,train,24,870,0.0014966977106525296,1.126204734432894
ETHUSDT,train,72,870,0.002747139025916795,1.1724860707390392
ETHUSDT,train,168,870,0.003593875773975205,1.0276205970037298
ETHUSDT,holdout,24,144,-0.003131634802609689,-1.1432888133240546
ETHUSDT,holdout,72,143,-0.004372641847592047,-0.8634132041134271
ETHUSDT,holdout,168,140,-0.025333367609493878,-3.4542080790289886
SOLUSDT,full,24,950,0.0023177895570861344,1.4347562719898377
SOLUSDT,full,72,949,0.0042293485911726785,1.4025657874018118
SOLUSDT,full,168,946,0.008511907687701801,1.8928642509828097
SOLUSDT,train,24,803,0.0028220420830936425,1.5423410243480487
SOLUSDT,train,72,803,0.004896134306697565,1.422629280711973
SOLUSDT,train,168,803,0.01281998191247833,2.5158292627389396
SOLUSDT,holdout,24,147,-0.00043673274484603533,-0.14473056369040044
SOLUSDT,holdout,72,146,0.0005620271557857952,0.11025998817064593
SOLUSDT,holdout,168,143,-0.015679586036043303,-1.9933945041528232
XRPUSDT,full,24,1021,0.003581798423076659,2.3898768732938693
XRPUSDT,full,72,1020,0.003593210353622944,1.5649103849171548
XRPUSDT,full,168,1017,0.006318307202943852,1.7484748305257307
XRPUSDT,train,24,864,0.004359418704541431,2.5233791919957804
XRPUSDT,train,72,864,0.004601838783252272,1.7585871804883777
XRPUSDT,train,168,864,0.009359031438193175,2.3590849194989842
XRPUSDT,holdout,24,157,-0.0006975896226912598,-0.3285532531457162
XRPUSDT,holdout,72,156,-0.0019930394104779405,-0.5107063348600209
XRPUSDT,holdout,168,153,-0.010852841419640559,-1.26783036766546
DOGEUSDT,full,24,1026,0.0023407435681255372,1.5227949340068603
DOGEUSDT,full,72,1025,-0.0015658607793999331,-0.6521987240553453
DOGEUSDT,full,168,1022,-0.0036374195077939126,-0.9706970459133117
DOGEUSDT,train,24,857,0.0025587150063262416,1.4287364332259809
DOGEUSDT,train,72,857,-0.0014949962274167245,-0.5369088194956847
DOGEUSDT,train,168,857,-0.0023636964177461664,-0.551904423036814
DOGEUSDT,holdout,24,169,0.0012354091152379414,0.5735445752427794
DOGEUSDT,holdout,72,168,-0.001927354357076181,-0.5361776340045687
DOGEUSDT,holdout,168,165,-0.010253060042163118,-1.547725959648588
BNBUSDT,full,24,830,0.0027924818401051025,2.4074021008660877
BNBUSDT,full,72,829,0.0028719056340921305,1.5358303605625951
BNBUSDT,full,168,827,0.003360468323006412,1.309218505230752
BNBUSDT,train,24,675,0.0034819719283062174,2.5875004730834115
BNBUSDT,train,72,675,0.0026568784048207035,1.2295003325158542
BNBUSDT,train,168,675,0.004748432193219275,1.6389552038858812
BNBUSDT,holdout,24,155,-0.00021013628593201337,-0.10255366387178652
BNBUSDT,holdout,72,154,0.0038143951130415626,1.11546702474434
BNBUSDT,holdout,168,152,-0.002803187021688865,-0.5170581052825572
LINKUSDT,full,24,925,0.003771927730533286,2.4594778074770605
LINKUSDT,full,72,924,0.003535991911773496,1.335772279172561
LINKUSDT,full,168,921,0.005123336263805381,1.3172988690902654
LINKUSDT,train,24,779,0.004041489113681108,2.310883843293478
LINKUSDT,train,72,779,0.0031257290914199747,1.033757508753698
LINKUSDT,train,168,779,0.006903587755913816,1.5560091717251896
LINKUSDT,holdout,24,146,0.0023336515834637465,0.859139334380815
LINKUSDT,holdout,72,145,0.005740093546638277,1.2582803617353855
LINKUSDT,holdout,168,142,-0.0046429729781134,-0.7039978434308447
