entry_ts,exit_ts,entry_price,exit_price,invested,final_value,ret,levels_reached,worst_mtm,worst_mtm_ts,closed_at_tp,hours_open,symbol
2022-01-01 00:00:00,2022-01-01 05:00:00,46656.12,47205.37,1000.0,1011.7723033977106,0.011772303397710626,0,0.0,2022-01-01 00:00:00,True,5.0,BTCUSDT
2022-01-01 06:00:00,2022-01-01 17:00:00,46984.76,47750.15,1000.0,1016.290175793172,0.016290175793171935,0,-0.0048590223723607995,2022-01-01 11:00:00,True,11.0,BTCUSDT
2022-01-01 18:00:00,2022-01-04 14:00:00,47570.78,47341.95,3000.0,3055.645970258876,0.018548656752958692,1,-0.034010373594883236,2022-01-03 20:00:00,True,68.0,BTCUSDT
2022-01-04 15:00:00,2022-01-13 14:00:00,46893.14,44163.5,6000.0,6086.3619184485815,0.01439365307476348,2,-0.07880661618674834,2022-01-07 03:00:00,True,215.0,BTCUSDT
2022-01-13 15:00:00,2022-01-20 14:00:00,43194.72,42969.46,3000.0,3054.981674034291,0.018327224678097,1,-0.03428150477650971,2022-01-17 21:00:00,True,167.0,BTCUSDT
2022-01-20 15:00:00,2022-01-25 18:00:00,43288.0,37332.16,10500.0,10625.362305600676,0.01193926720006444,3,-0.17076063755830928,2022-01-24 10:00:00,True,123.0,BTCUSDT
2022-01-25 19:00:00,2022-01-26 04:00:00,37127.14,37761.98,1000.0,1017.0990816960316,0.017099081696031693,0,-0.015205049459775188,2022-01-25 21:00:00,True,9.0,BTCUSDT
2022-01-26 05:00:00,2022-01-26 11:00:00,37596.13,38070.97,1000.0,1012.6300233561275,0.012630023356127396,0,-0.008440762386979661,2022-01-26 06:00:00,True,6.0,BTCUSDT
2022-01-26 12:00:00,2022-01-26 13:00:00,37750.01,38189.32,1000.0,1011.6373479106363,0.01163734791063642,0,0.0,2022-01-26 12:00:00,True,1.0,BTCUSDT
2022-01-26 14:00:00,2022-01-29 07:00:00,38231.8,37838.01,3000.0,3034.7484986551417,0.011582832885047134,1,-0.04876270024992635,2022-01-27 20:00:00,True,65.0,BTCUSDT
2022-01-29 08:00:00,2022-01-29 20:00:00,37792.72,38340.7,1000.0,1014.4996179158313,0.014499617915831431,0,-0.0072754752767199005,2022-01-29 16:00:00,True,12.0,BTCUSDT
2022-01-29 21:00:00,2022-01-31 16:00:00,38366.63,38298.53,3000.0,3077.730893088824,0.02591029769627462,1,-0.03994017718001286,2022-01-31 00:00:00,True,43.0,BTCUSDT
2022-01-31 17:00:00,2022-02-01 16:00:00,38481.14,39117.07,1000.0,1016.5257578127882,0.0165257578127882,0,-0.006570231547194383,2022-02-01 01:00:00,True,23.0,BTCUSDT
2022-02-01 17:00:00,2022-02-04 15:00:00,38856.38,39466.27,3000.0,3110.01562942169,0.03667187647389669,1,-0.04499758704967283,2022-02-03 20:00:00,True,70.0,BTCUSDT
2022-02-04 16:00:00,2022-02-04 19:00:00,40275.15,40732.33,1000.0,1011.351416444135,0.011351416444135065,0,0.0,2022-02-04 16:00:00,True,3.0,BTCUSDT
2022-02-04 20:00:00,2022-02-04 23:00:00,40577.91,41549.33,1000.0,1023.9396262646351,0.023939626264634972,0,0.0,2022-02-04 20:00:00,True,3.0,BTCUSDT
2022-02-05 00:00:00,2022-02-06 23:00:00,41470.54,42377.65,1000.0,1021.873599909719,0.021873599909719044,0,-0.004709608314721669,2022-02-05 16:00:00,True,47.0,BTCUSDT
2022-02-07 00:00:00,2022-02-07 02:00:00,41828.36,42330.24,1000.0,1011.998557916208,0.011998557916208075,0,0.0,2022-02-07 00:00:00,True,2.0,BTCUSDT
2022-02-07 03:00:00,2022-02-07 14:00:00,42826.21,43426.01,1000.0,1014.005441994517,0.014005441994517032,0,-0.009916357296151146,2022-02-07 09:00:00,True,11.0,BTCUSDT
2022-02-07 15:00:00,2022-02-08 04:00:00,43838.26,44355.58,1000.0,1011.8006508469999,0.011800650846999883,0,-0.0012199389300580066,2022-02-07 16:00:00,True,13.0,BTCUSDT
2022-02-08 05:00:00,2022-02-09 19:00:00,44844.45,44462.35,3000.0,3038.6757289120856,0.012891909637361865,1,-0.03137824190061422,2022-02-08 12:00:00,True,38.0,BTCUSDT
2022-02-09 20:00:00,2022-02-10 16:00:00,44750.0,45389.33,1000.0,1014.2867039106146,0.014286703910614706,0,-0.024962458100558638,2022-02-10 13:00:00,True,20.0,BTCUSDT
2022-02-10 17:00:00,2022-02-25 12:00:00,45330.32,39330.02,10500.0,10618.458926760664,0.011281802548634756,3,-0.17780471842614387,2022-02-24 03:00:00,True,355.0,BTCUSDT
2022-02-25 13:00:00,2022-02-28 14:00:00,39363.89,39825.79,3000.0,3129.88157466461,0.04329385822153675,1,-0.04469908842850645,2022-02-27 19:00:00,True,73.0,BTCUSDT
2022-02-28 15:00:00,2022-02-28 17:00:00,40816.41,41411.85,1000.0,1014.5882501670283,0.01458825016702825,0,0.0,2022-02-28 15:00:00,True,2.0,BTCUSDT
2022-02-28 18:00:00,2022-02-28 20:00:00,41193.54,41907.46,1000.0,1017.3308727533492,0.017330872753349214,0,0.0,2022-02-28 18:00:00,True,2.0,BTCUSDT
2022-02-28 21:00:00,2022-02-28 22:00:00,41634.76,43000.35,1000.0,1032.799276373876,0.03279927637387603,0,0.0,2022-02-28 21:00:00,True,1.0,BTCUSDT
2022-02-28 23:00:00,2022-03-01 12:00:00,43178.53,44683.6,1000.0,1034.8569068933102,0.034856906893310224,0,-0.00031520294924358705,2022-03-01 03:00:00,True,13.0,BTCUSDT
2022-03-01 13:00:00,2022-03-09 08:00:00,44441.06,42066.36,6000.0,6097.84469814529,0.016307449690881715,2,-0.09864863265246004,2022-03-07 19:00:00,True,187.0,BTCUSDT
2022-03-09 09:00:00,2022-03-09 15:00:00,42030.37,42522.98,1000.0,1011.7203346056674,0.011720334605667349,0,-0.003846742248521773,2022-03-09 13:00:00,True,6.0,BTCUSDT
2022-03-09 16:00:00,2022-03-16 02:00:00,42239.0,40879.24,6000.0,6170.586315434794,0.02843105257246581,2,-0.0747015278059211,2022-03-11 02:00:00,True,154.0,BTCUSDT
2022-03-16 03:00:00,2022-03-16 08:00:00,39158.15,40304.84,1000.0,1029.2835591058308,0.029283559105830914,0,-0.0014122219767788158,2022-03-16 04:00:00,True,5.0,BTCUSDT
2022-03-16 09:00:00,2022-03-16 20:00:00,40499.31,41233.88,1000.0,1018.1378398792474,0.01813783987924733,0,-0.014281230964181768,2022-03-16 18:00:00,True,11.0,BTCUSDT
2022-03-16 21:00:00,2022-03-18 17:00:00,41079.78,41655.84,1000.0,1014.0229572797127,0.014022957279712811,0,-0.018096737616413616,2022-03-18 00:00:00,True,44.0,BTCUSDT
2022-03-18 18:00:00,2022-03-19 20:00:00,41672.98,42191.21,1000.0,1012.4356357524707,0.012435635752470642,0,-0.0019912182906046683,2022-03-19 07:00:00,True,26.0,BTCUSDT
2022-03-19 21:00:00,2022-03-22 02:00:00,42120.63,41840.64,3000.0,3044.02868029834,0.014676226766113354,1,-0.031194927521264404,2022-03-21 02:00:00,True,53.0,BTCUSDT
2022-03-22 03:00:00,2022-03-22 04:00:00,42237.66,42986.52,1000.0,1017.7296753655385,0.01772967536553849,0,0.0,2022-03-22 03:00:00,True,1.0,BTCUSDT
2022-03-22 05:00:00,2022-03-24 14:00:00,42856.25,43590.02,1000.0,1017.1216567011811,0.017121656701181154,0,-0.021762520052501122,2022-03-23 04:00:00,True,57.0,BTCUSDT
2022-03-24 15:00:00,2022-03-25 11:00:00,43988.59,44587.0,1000.0,1013.603754973733,0.013603754973732896,0,-0.004049459189303328,2022-03-24 17:00:00,True,20.0,BTCUSDT
2022-03-25 12:00:00,2022-03-27 20:00:00,44835.64,46112.08,1000.0,1028.4693159281321,0.028469315928132177,0,-0.01532709246483377,2022-03-26 00:00:00,True,56.0,BTCUSDT
2022-03-27 21:00:00,2022-03-28 04:00:00,46559.98,47123.51,1000.0,1012.103312759155,0.012103312759154994,0,0.0,2022-03-27 21:00:00,True,7.0,BTCUSDT
2022-03-28 05:00:00,2022-03-28 13:00:00,47059.94,47725.72,1000.0,1014.1474893508151,0.014147489350815112,0,-0.0032082488842952728,2022-03-28 06:00:00,True,8.0,BTCUSDT
2022-03-28 14:00:00,2022-04-02 00:00:00,47600.73,46897.38,3000.0,3038.173768895033,0.012724589631677663,1,-0.041256862523420756,2022-04-01 02:00:00,True,106.0,BTCUSDT
2022-04-02 01:00:00,2022-12-31 00:00:00,46739.2,16578.85,10500.0,4318.020307809749,-0.5887599706847858,3,-0.6116379623089162,2022-11-21 21:00:00,False,6551.0,BTCUSDT
2022-01-01 00:00:00,2022-01-01 23:00:00,3722.67,3764.19,1000.0,1011.1532851421157,0.011153285142115665,0,-0.0079324785704884,2022-01-01 11:00:00,True,23.0,ETHUSDT
2022-01-02 00:00:00,2022-01-02 16:00:00,3763.7,3836.04,1000.0,1019.2204479634403,0.019220447963440357,0,-0.01083773945851152,2022-01-02 04:00:00,True,16.0,ETHUSDT
2022-01-02 17:00:00,2022-01-04 10:00:00,3823.03,3806.68,3000.0,3053.9054792894904,0.01796849309649673,1,-0.03242454283644125,2022-01-03 20:00:00,True,41.0,ETHUSDT
2022-01-04 11:00:00,2022-03-27 23:00:00,3838.13,3297.35,10500.0,10647.890950448253,0.014084852423643213,3,-0.3278226044689939,2022-01-24 13:00:00,True,1980.0,ETHUSDT
2022-03-28 00:00:00,2022-03-28 09:00:00,3291.44,3337.02,1000.0,1013.8480421942978,0.013848042194297916,0,0.0,2022-03-28 00:00:00,True,9.0,ETHUSDT
2022-03-28 10:00:00,2022-03-28 14:00:00,3349.74,3389.81,1000.0,1011.9621224333829,0.011962122433382794,0,-0.0034778818654580546,2022-03-28 12:00:00,True,4.0,ETHUSDT
2022-03-28 15:00:00,2022-03-28 18:00:00,3357.46,3415.67,1000.0,1017.3375110946967,0.017337511094696723,0,0.0,2022-03-28 15:00:00,True,3.0,ETHUSDT
2022-03-28 19:00:00,2022-03-29 11:00:00,3409.08,3465.18,1000.0,1016.4560526593685,0.016456052659368448,0,-0.022290471329508232,2022-03-28 23:00:00,True,16.0,ETHUSDT
2022-03-29 12:00:00,2022-03-30 17:00:00,3464.33,3437.69,3000.0,3046.6861538261164,0.015562051275372246,1,-0.03395461748736406,2022-03-30 01:00:00,True,29.0,ETHUSDT
2022-03-30 18:00:00,2022-04-01 13:00:00,3396.86,3349.59,3000.0,3035.1766845603274,0.011725561520109062,1,-0.037540552156992035,2022-03-31 16:00:00,True,43.0,ETHUSDT
2022-04-01 14:00:00,2022-04-01 17:00:00,3421.12,3469.85,1000.0,1014.2438733514172,0.014243873351417191,0,-0.003101323543167056,2022-04-01 16:00:00,True,3.0,ETHUSDT
2022-04-01 18:00:00,2022-04-02 00:00:00,3463.32,3511.64,1000.0,1013.951930517538,0.013951930517537958,0,-0.006594828084034998,2022-04-01 20:00:00,True,6.0,ETHUSDT
2022-04-02 01:00:00,2022-04-03 21:00:00,3482.04,3528.03,1000.0,1013.2077747527311,0.01320777475273105,0,-0.014520223776866459,2022-04-03 02:00:00,True,44.0,ETHUSDT
2022-04-03 22:00:00,2022-04-04 20:00:00,3544.47,3510.45,3000.0,3040.8086203485173,0.013602873449505726,1,-0.03394583675415497,2022-04-04 15:00:00,True,22.0,ETHUSDT
2022-04-04 21:00:00,2022-12-31 00:00:00,3508.79,1197.41,10500.0,4241.300165732888,-0.596066650882582,3,-0.6948935472317346,2022-06-18 20:00:00,False,6483.0,ETHUSDT
2022-01-01 00:00:00,2022-01-01 17:00:00,172.55,174.96,1000.0,1013.9669660967835,0.013966966096783384,0,-0.0057374674007534265,2022-01-01 04:00:00,True,17.0,SOLUSDT
2022-01-01 18:00:00,2022-01-01 20:00:00,175.41,177.69,1000.0,1012.998118693347,0.012998118693346994,0,0.0,2022-01-01 18:00:00,True,2.0,SOLUSDT
2022-01-01 21:00:00,2022-01-01 23:00:00,176.45,179.01,1000.0,1014.508359308586,0.01450835930858596,0,0.0,2022-01-01 21:00:00,True,2.0,SOLUSDT
2022-01-02 00:00:00,2022-01-13 13:00:00,178.72,154.74,10500.0,10655.111175614704,0.014772492915686053,3,-0.17395155556937736,2022-01-07 06:00:00,True,277.0,SOLUSDT
2022-01-13 14:00:00,2022-04-01 19:00:00,157.01,137.39,10500.0,10715.92520568696,0.020564305303520047,3,-0.42401516680082274,2022-02-24 03:00:00,True,1877.0,SOLUSDT
2022-04-01 20:00:00,2022-04-01 21:00:00,135.06,137.6,1000.0,1018.8064563897526,0.018806456389752535,0,0.0,2022-04-01 20:00:00,True,1.0,SOLUSDT
2022-04-01 22:00:00,2022-04-02 12:00:00,136.6,139.01,1000.0,1017.6427525622255,0.017642752562225583,0,-0.015666178623718774,2022-04-01 23:00:00,True,14.0,SOLUSDT
2022-04-02 13:00:00,2022-04-03 09:00:00,141.55,139.9,3000.0,3061.0894709183294,0.020363156972776464,1,-0.04634404803956205,2022-04-02 18:00:00,True,20.0,SOLUSDT
2022-04-03 10:00:00,2022-04-03 22:00:00,139.03,137.64,3000.0,3033.806449143327,0.011268816381108993,1,-0.031216284255196736,2022-04-03 16:00:00,True,12.0,SOLUSDT
2022-04-03 23:00:00,2022-04-05 12:00:00,136.72,135.09,3000.0,3044.555217107928,0.01485173903597592,1,-0.042242592274064905,2022-04-04 17:00:00,True,37.0,SOLUSDT
2022-04-05 13:00:00,2022-12-31 00:00:00,132.84,9.98,10500.0,917.6700612880392,-0.912602851305901,3,-0.9274901411636133,2022-12-29 20:00:00,False,6467.0,SOLUSDT
2022-01-01 00:00:00,2022-01-01 17:00:00,0.8388,0.8504,1000.0,1013.8292799237006,0.013829279923700533,0,-0.005245588936576007,2022-01-01 04:00:00,True,17.0,XRPUSDT
2022-01-01 18:00:00,2022-01-02 16:00:00,0.8504,0.8607,1000.0,1012.1119473189087,0.012111947318908634,0,-0.013758231420508027,2022-01-02 04:00:00,True,22.0,XRPUSDT
2022-01-02 17:00:00,2022-02-07 05:00:00,0.8565,0.7441,10500.0,10904.989885402507,0.038570465276429156,3,-0.21726875832949666,2022-01-24 10:00:00,True,852.0,XRPUSDT
2022-02-07 06:00:00,2022-02-07 08:00:00,0.7477,0.766,1000.0,1024.475056840979,0.02447505684097906,0,0.0,2022-02-07 06:00:00,True,2.0,XRPUSDT
2022-02-07 09:00:00,2022-02-07 10:00:00,0.7535,0.7636,1000.0,1013.4041141340412,0.013404114134041079,0,0.0,2022-02-07 09:00:00,True,1.0,XRPUSDT
2022-02-07 11:00:00,2022-02-07 17:00:00,0.7744,0.7881,1000.0,1017.6911157024794,0.017691115702479276,0,-0.005294421487603285,2022-02-07 12:00:00,True,6.0,XRPUSDT
2022-02-07 18:00:00,2022-02-07 21:00:00,0.7839,0.8004,1000.0,1021.0486031381554,0.021048603138155375,0,0.0,2022-02-07 18:00:00,True,3.0,XRPUSDT
2022-02-07 22:00:00,2022-02-08 01:00:00,0.8254,0.8681,1000.0,1051.7324933365642,0.051732493336564156,0,-0.0004846135207172697,2022-02-08 00:00:00,True,3.0,XRPUSDT
2022-02-08 02:00:00,2022-02-08 03:00:00,0.8599,0.8722,1000.0,1014.3039888359111,0.014303988835911108,0,0.0,2022-02-08 02:00:00,True,1.0,XRPUSDT
2022-02-08 04:00:00,2022-02-08 05:00:00,0.8734,0.8978,1000.0,1027.9367987176552,0.027936798717655087,0,0.0,2022-02-08 04:00:00,True,1.0,XRPUSDT
2022-02-08 06:00:00,2022-02-08 23:00:00,0.8896,0.8759,3000.0,3040.9444615337197,0.013648153844573185,1,-0.06192123129762406,2022-02-08 16:00:00,True,17.0,XRPUSDT
2022-02-09 00:00:00,2022-02-09 01:00:00,0.877,0.8869,1000.0,1011.2884834663627,0.011288483466362687,0,0.0,2022-02-09 00:00:00,True,1.0,XRPUSDT
2022-02-09 02:00:00,2022-02-09 12:00:00,0.8532,0.8894,1000.0,1042.428504453821,0.04242850445382107,0,-0.006446319737458905,2022-02-09 03:00:00,True,10.0,XRPUSDT
2022-02-09 13:00:00,2022-02-09 18:00:00,0.8821,0.8997,1000.0,1019.9523863507541,0.019952386350754026,0,0.0,2022-02-09 13:00:00,True,5.0,XRPUSDT
2022-02-09 19:00:00,2022-02-10 09:00:00,0.8919,0.8788,3000.0,3037.8639305516294,0.012621310183876577,1,-0.03991478865343656,2022-02-10 02:00:00,True,14.0,XRPUSDT
2022-02-10 10:00:00,2022-02-12 17:00:00,0.89,0.84,6000.0,6069.458000951728,0.011576333491954527,2,-0.09247151795293207,2022-02-11 22:00:00,True,55.0,XRPUSDT
2022-02-12 18:00:00,2022-02-13 10:00:00,0.8435,0.8349,3000.0,3044.9428480233455,0.014980949341115268,1,-0.036751630112625944,2022-02-12 21:00:00,True,16.0,XRPUSDT
2022-02-13 11:00:00,2022-02-15 01:00:00,0.8372,0.828,3000.0,3033.4554334554336,0.011151811151811186,1,-0.04319149270840095,2022-02-14 09:00:00,True,38.0,XRPUSDT
2022-02-15 02:00:00,2022-02-15 10:00:00,0.8243,0.8341,1000.0,1011.8888754094382,0.011888875409438171,0,-0.005580492539124182,2022-02-15 06:00:00,True,8.0,XRPUSDT
2022-02-15 11:00:00,2022-02-15 23:00:00,0.8314,0.8516,1000.0,1024.2963675727688,0.024296367572768762,0,-0.012629299975944308,2022-02-15 17:00:00,True,12.0,XRPUSDT
2022-02-16 00:00:00,2022-02-16 19:00:00,0.8447,0.8344,3000.0,3041.966833834066,0.01398894461135547,1,-0.03823842784420506,2022-02-16 13:00:00,True,19.0,XRPUSDT
2022-02-16 20:00:00,2022-02-19 13:00:00,0.8415,0.8223,6000.0,6240.119648999581,0.040019941499930045,2,-0.07451494717318052,2022-02-18 16:00:00,True,65.0,XRPUSDT
2022-02-19 14:00:00,2022-02-19 15:00:00,0.8177,0.8308,1000.0,1016.0205454323102,0.01602054543231013,0,0.0,2022-02-19 14:00:00,True,1.0,XRPUSDT
2022-02-19 16:00:00,2022-02-25 19:00:00,0.8341,0.7297,10500.0,10736.067113030558,0.022482582193386502,3,-0.18208594580609871,2022-02-24 03:00:00,True,147.0,XRPUSDT
2022-02-25 20:00:00,2022-02-25 22:00:00,0.7374,0.7532,1000.0,1021.4266341198806,0.02142663411988055,0,-0.004882017900732394,2022-02-25 21:00:00,True,2.0,XRPUSDT
2022-02-25 23:00:00,2022-02-26 00:00:00,0.769,0.7809,1000.0,1015.4746423927179,0.015474642392717897,0,0.0,2022-02-25 23:00:00,True,1.0,XRPUSDT
2022-02-26 01:00:00,2022-02-28 20:00:00,0.7778,0.7743,3000.0,3066.651659930601,0.022217219976867097,1,-0.05870996016594843,2022-02-27 19:00:00,True,67.0,XRPUSDT
2022-02-28 21:00:00,2022-02-28 22:00:00,0.767,0.7778,1000.0,1014.0808344198174,0.014080834419817334,0,0.0,2022-02-28 21:00:00,True,1.0,XRPUSDT
2022-02-28 23:00:00,2022-03-01 13:00:00,0.7811,0.7931,1000.0,1015.3629496863398,0.015362949686339888,0,-0.018947637946485796,2022-03-01 09:00:00,True,14.0,XRPUSDT
2022-03-01 14:00:00,2022-03-09 17:00:00,0.7822,0.7703,3000.0,3041.3877544556067,0.01379591815186898,1,-0.06846066354940572,2022-03-05 00:00:00,True,195.0,XRPUSDT
2022-03-09 18:00:00,2022-03-11 20:00:00,0.7617,0.7652,3000.0,3093.0229325004457,0.03100764416681523,1,-0.03794144676381783,2022-03-10 05:00:00,True,50.0,XRPUSDT
2022-03-11 21:00:00,2022-03-12 00:00:00,0.8105,0.8217,1000.0,1013.8186304750154,0.013818630475015414,0,-0.009623689080814346,2022-03-11 23:00:00,True,3.0,XRPUSDT
2022-03-12 01:00:00,2022-03-17 21:00:00,0.8394,0.8006,6000.0,6087.489773242374,0.014581628873729047,2,-0.07348614512385354,2022-03-13 22:00:00,True,140.0,XRPUSDT
2022-03-17 22:00:00,2022-03-19 05:00:00,0.7942,0.8194,1000.0,1031.7300428103752,0.03173004281037506,0,-0.018383278771090472,2022-03-18 11:00:00,True,31.0,XRPUSDT
2022-03-19 06:00:00,2022-03-19 19:00:00,0.8144,0.8247,1000.0,1012.6473477406679,0.012647347740667891,0,-0.007490176817288807,2022-03-19 07:00:00,True,13.0,XRPUSDT
2022-03-19 20:00:00,2022-03-21 09:00:00,0.8226,0.8139,3000.0,3040.583052457589,0.013527684152529584,1,-0.03525407245319723,2022-03-21 02:00:00,True,37.0,XRPUSDT
2022-03-21 10:00:00,2022-03-21 17:00:00,0.8163,0.8315,1000.0,1018.620605169668,0.018620605169668014,0,-0.007227734901384286,2022-03-21 16:00:00,True,7.0,XRPUSDT
2022-03-21 18:00:00,2022-03-21 19:00:00,0.8289,0.8467,1000.0,1021.4742429726143,0.021474242972614244,0,0.0,2022-03-21 18:00:00,True,1.0,XRPUSDT
2022-03-21 20:00:00,2022-03-22 03:00:00,0.8388,0.8518,1000.0,1015.4983309489749,0.015498330948974903,0,-0.003814973772055308,2022-03-22 00:00:00,True,7.0,XRPUSDT
2022-03-22 04:00:00,2022-03-24 16:00:00,0.855,0.8473,3000.0,3034.65068846743,0.011550229489143415,1,-0.03017543859649119,2022-03-22 19:00:00,True,60.0,XRPUSDT
2022-03-24 17:00:00,2022-03-27 21:00:00,0.8403,0.8523,1000.0,1014.2806140664048,0.014280614066404906,0,-0.02094490063072718,2022-03-26 00:00:00,True,76.0,XRPUSDT
2022-03-27 22:00:00,2022-03-28 01:00:00,0.853,0.8638,1000.0,1012.6611957796014,0.012661195779601453,0,0.0,2022-03-27 22:00:00,True,3.0,XRPUSDT
2022-03-28 02:00:00,2022-03-28 13:00:00,0.8665,0.8936,1000.0,1031.2752452394689,0.031275245239468896,0,-0.0021927293710328755,2022-03-28 06:00:00,True,11.0,XRPUSDT
2022-03-28 14:00:00,2022-03-28 18:00:00,0.8857,0.9088,1000.0,1026.0810658236423,0.026081065823642335,0,-0.008016258326747239,2022-03-28 15:00:00,True,4.0,XRPUSDT
2022-03-28 19:00:00,2022-04-02 09:00:00,0.8979,0.8485,6000.0,6085.700143014196,0.014283357169032618,2,-0.08475569256779703,2022-03-31 16:00:00,True,110.0,XRPUSDT
2022-04-02 10:00:00,2022-12-31 00:00:00,0.8452,0.3412,10500.0,4913.069715326338,-0.5320885985403487,3,-0.5969543936430495,2022-06-14 01:00:00,False,6542.0,XRPUSDT
2022-01-01 00:00:00,2022-01-02 15:00:00,0.17188,0.17484,1000.0,1017.2213171980451,0.017221317198045094,0,-0.008668838724691597,2022-01-01 04:00:00,True,39.0,DOGEUSDT
2022-01-02 16:00:00,2022-01-13 04:00:00,0.17568,0.16902,6000.0,6119.881692049844,0.01998028200830726,2,-0.144947307077523,2022-01-10 19:00:00,True,252.0,DOGEUSDT
2022-01-13 05:00:00,2022-01-13 23:00:00,0.17427,0.17146,3000.0,3055.0237501995352,0.01834125006651166,1,-0.04992253399896718,2022-01-13 15:00:00,True,18.0,DOGEUSDT
2022-01-14 00:00:00,2022-01-14 04:00:00,0.17816,0.18963,1000.0,1064.3803322855858,0.06438033228558582,0,-0.012909744050291994,2022-01-14 03:00:00,True,4.0,DOGEUSDT
2022-01-14 05:00:00,2022-01-14 06:00:00,0.19001,0.1998,1000.0,1051.523604020841,0.05152360402084111,0,0.0,2022-01-14 05:00:00,True,1.0,DOGEUSDT
2022-01-14 07:00:00,2022-01-14 14:00:00,0.19611,0.19426,3000.0,3052.4462619311635,0.017482087310387806,1,-0.039161694967110416,2022-01-14 11:00:00,True,7.0,DOGEUSDT
2022-01-14 15:00:00,2022-04-05 16:00:00,0.19408,0.172,10500.0,10813.471285327103,0.02985440812639073,3,-0.3377197902159297,2022-03-13 22:00:00,True,1945.0,DOGEUSDT
2022-04-05 17:00:00,2022-04-05 23:00:00,0.16978,0.17269,1000.0,1017.1398280127225,0.017139828012722624,0,-0.022028507480268522,2022-04-05 20:00:00,True,6.0,DOGEUSDT
2022-04-06 00:00:00,2022-04-10 14:00:00,0.16418,0.1557,6000.0,6081.673988509675,0.013612331418279222,2,-0.08234557330301462,2022-04-09 02:00:00,True,110.0,DOGEUSDT
2022-04-10 15:00:00,2022-04-10 19:00:00,0.15365,0.15661,1000.0,1019.2645623169541,0.01926456231695406,0,-0.0029938171168240046,2022-04-10 16:00:00,True,4.0,DOGEUSDT
2022-04-10 20:00:00,2022-04-15 05:00:00,0.1545,0.14583,6000.0,6075.484212850335,0.012580702141722577,2,-0.07899213430344232,2022-04-11 19:00:00,True,105.0,DOGEUSDT
2022-04-15 06:00:00,2022-04-15 07:00:00,0.14473,0.14646,1000.0,1011.953292337456,0.0119532923374559,0,0.0,2022-04-15 06:00:00,True,1.0,DOGEUSDT
2022-04-15 08:00:00,2022-04-15 10:00:00,0.14604,0.14929,1000.0,1022.2541769378254,0.022254176937825276,0,-0.004519309778142966,2022-04-15 09:00:00,True,2.0,DOGEUSDT
2022-04-15 11:00:00,2022-04-20 05:00:00,0.1479,0.14596,3000.0,3043.526681321127,0.014508893773709008,1,-0.06688257749300874,2022-04-18 04:00:00,True,114.0,DOGEUSDT
2022-04-20 06:00:00,2022-04-25 11:00:00,0.14518,0.13958,6000.0,6143.218554360998,0.023869759060166196,2,-0.09107535574476855,2022-04-25 08:00:00,True,125.0,DOGEUSDT
2022-04-25 12:00:00,2022-04-25 16:00:00,0.13961,0.14608,1000.0,1046.3433851443306,0.04634338514433067,0,-0.006016760977007429,2022-04-25 13:00:00,True,4.0,DOGEUSDT
2022-04-25 17:00:00,2022-04-25 18:00:00,0.15067,0.15474,1000.0,1027.0126767106922,0.027012676710692185,0,0.0,2022-04-25 17:00:00,True,1.0,DOGEUSDT
2022-04-25 19:00:00,2022-04-26 04:00:00,0.16192,0.16026,3000.0,3069.2912664326022,0.023097088810867472,1,-0.04811017786561278,2022-04-25 22:00:00,True,9.0,DOGEUSDT
2022-04-26 05:00:00,2022-04-26 08:00:00,0.16046,0.16438,1000.0,1024.4297644272717,0.02442976442727174,0,-0.016078773526112422,2022-04-26 06:00:00,True,3.0,DOGEUSDT
2022-04-26 09:00:00,2022-11-01 04:00:00,0.16163,0.14136,10500.0,10683.408387458643,0.017467465472251753,3,-0.6384593181191907,2022-06-18 20:00:00,True,4531.0,DOGEUSDT
2022-11-01 05:00:00,2022-11-01 09:00:00,0.14591,0.1554,1000.0,1065.040093208142,0.06504009320814208,0,-0.002809951339867167,2022-11-01 07:00:00,True,4.0,DOGEUSDT
2022-11-01 10:00:00,2022-12-31 00:00:00,0.149,0.06828,10500.0,5697.723628702641,-0.4573596544092723,3,-0.4673732284491715,2022-12-30 14:00:00,False,1430.0,DOGEUSDT
2022-03-10 10:00:00,2022-03-10 22:00:00,375.1818,371.4124,3000.0,3033.933571081376,0.0113111903604588,1,-0.03134773595094431,2022-03-10 13:00:00,True,12.0,BNBUSDT
2022-03-10 23:00:00,2022-03-11 13:00:00,372.4981,377.3199,1000.0,1012.9444955558163,0.012944495555816227,0,-0.024594219406756768,2022-03-11 02:00:00,True,14.0,BNBUSDT
2022-03-11 14:00:00,2022-03-12 09:00:00,373.3003,378.9,1000.0,1015.0005237070529,0.01500052370705296,0,-0.01151968000025716,2022-03-11 20:00:00,True,19.0,BNBUSDT
2022-03-12 10:00:00,2022-03-14 05:00:00,376.3483,370.9108,3000.0,3039.273843216764,0.013091281072254546,1,-0.04022842669941651,2022-03-13 23:00:00,True,43.0,BNBUSDT
2022-03-14 06:00:00,2022-03-14 23:00:00,369.6386,373.7833,1000.0,1011.2128441131418,0.011212844113141829,0,-0.014494698335076439,2022-03-14 18:00:00,True,17.0,BNBUSDT
2022-03-15 00:00:00,2022-03-16 13:00:00,373.7522,379.528,1000.0,1015.453554520883,0.015453554520882928,0,-0.026608003912752975,2022-03-15 07:00:00,True,37.0,BNBUSDT
2022-03-16 14:00:00,2022-03-16 19:00:00,378.783,383.6204,1000.0,1012.7709004891983,0.012770900489198267,0,-0.009726149272802687,2022-03-16 18:00:00,True,5.0,BNBUSDT
2022-03-16 20:00:00,2022-03-17 12:00:00,384.2097,389.0,1000.0,1012.4679309241803,0.012467930924180415,0,-0.0068509462410761834,2022-03-16 21:00:00,True,16.0,BNBUSDT
2022-03-17 13:00:00,2022-03-18 19:00:00,392.1809,397.2372,1000.0,1012.8927747373724,0.012892774737372381,0,-0.015887311187260833,2022-03-17 14:00:00,True,30.0,BNBUSDT
2022-03-18 20:00:00,2022-03-19 12:00:00,396.5675,403.4883,1000.0,1017.4517578974575,0.017451757897457565,0,-0.00305118296380813,2022-03-18 22:00:00,True,16.0,BNBUSDT
2022-03-19 13:00:00,2022-03-22 02:00:00,404.2572,400.9116,3000.0,3039.8770158363586,0.013292338612119536,1,-0.03159176880461256,2022-03-20 13:00:00,True,61.0,BNBUSDT
2022-03-22 03:00:00,2022-03-23 15:00:00,404.7036,410.0472,1000.0,1013.2037372536346,0.013203737253634662,0,-0.013463927674475795,2022-03-23 04:00:00,True,36.0,BNBUSDT
2022-03-23 16:00:00,2022-03-24 15:00:00,408.5238,413.5596,1000.0,1012.3268215952166,0.012326821595216586,0,-0.016770626338049377,2022-03-23 17:00:00,True,23.0,BNBUSDT
2022-03-24 16:00:00,2022-03-27 20:00:00,414.887,422.0268,1000.0,1017.2090231798055,0.01720902317980544,0,-0.01847201768192297,2022-03-25 17:00:00,True,76.0,BNBUSDT
2022-03-27 21:00:00,2022-03-28 05:00:00,429.7599,437.0,1000.0,1016.8468486706181,0.016846848670618142,0,-0.00017637755407151623,2022-03-28 00:00:00,True,8.0,BNBUSDT
2022-03-28 06:00:00,2022-03-28 13:00:00,433.6976,441.3651,1000.0,1017.6793692194744,0.017679369219474328,0,-0.005165811385629104,2022-03-28 07:00:00,True,7.0,BNBUSDT
2022-03-28 14:00:00,2022-03-30 16:00:00,438.633,445.8,1000.0,1016.3393999083518,0.01633939990835187,0,-0.025575595087464875,2022-03-30 01:00:00,True,50.0,BNBUSDT
2022-03-30 17:00:00,2022-03-31 01:00:00,448.0631,453.9569,1000.0,1013.1539508609391,0.013153950860939068,0,-0.014487914760220266,2022-03-30 23:00:00,True,8.0,BNBUSDT
2022-03-31 02:00:00,2022-04-01 14:00:00,446.3295,439.7063,3000.0,3036.5855886089025,0.012195196202967606,1,-0.039535141638632365,2022-03-31 16:00:00,True,36.0,BNBUSDT
2022-04-01 15:00:00,2022-04-01 18:00:00,440.5846,446.1496,1000.0,1012.6309453394422,0.012630945339442201,0,0.0,2022-04-01 15:00:00,True,3.0,BNBUSDT
2022-04-01 19:00:00,2022-04-02 00:00:00,446.4658,453.3727,1000.0,1015.4701659119244,0.015470165911924294,0,-0.0076155889208087135,2022-04-01 21:00:00,True,5.0,BNBUSDT
2022-04-02 01:00:00,2022-04-03 12:00:00,453.9235,447.6906,3000.0,3036.213529594249,0.012071176531416317,1,-0.0377605477574966,2022-04-02 23:00:00,True,35.0,BNBUSDT
2022-04-03 13:00:00,2022-04-05 01:00:00,447.6621,452.618,1000.0,1011.0706267070631,0.011070626707063047,0,-0.02174229178659537,2022-04-04 17:00:00,True,36.0,BNBUSDT
2022-04-05 02:00:00,2022-12-31 00:00:00,453.8973,245.5404,10500.0,6614.814283460487,-0.3700176872894775,3,-0.5185782250256394,2022-06-18 20:00:00,False,6478.0,BNBUSDT
2022-01-01 00:00:00,2022-01-01 17:00:00,19.97,20.32,1000.0,1017.5262894341513,0.017526289434151243,0,-0.020530796194291434,2022-01-01 04:00:00,True,17.0,LINKUSDT
2022-01-01 18:00:00,2022-01-01 23:00:00,20.29,20.73,1000.0,1021.6855593888616,0.02168555938886163,0,-0.0029571217348446366,2022-01-01 19:00:00,True,5.0,LINKUSDT
2022-01-02 00:00:00,2022-01-02 13:00:00,21.05,21.33,1000.0,1013.3016627078384,0.013301662707838391,0,-0.014726840855107004,2022-01-02 04:00:00,True,13.0,LINKUSDT
2022-01-02 14:00:00,2022-01-02 16:00:00,21.29,21.98,1000.0,1032.409581963363,0.032409581963362966,0,0.0,2022-01-02 14:00:00,True,2.0,LINKUSDT
2022-01-02 17:00:00,2022-01-03 08:00:00,22.08,21.95,3000.0,3051.2819533298016,0.01709398444326715,1,-0.03351449275362317,2022-01-03 03:00:00,True,15.0,LINKUSDT
2022-01-03 09:00:00,2022-01-03 10:00:00,22.1,22.54,1000.0,1019.9095022624433,0.019909502262443368,0,0.0,2022-01-03 09:00:00,True,1.0,LINKUSDT
2022-01-03 11:00:00,2022-01-03 13:00:00,22.46,23.2,1000.0,1032.947462154942,0.03294746215494215,0,-0.006233303650934996,2022-01-03 12:00:00,True,2.0,LINKUSDT
2022-01-03 14:00:00,2022-01-03 22:00:00,22.88,23.37,1000.0,1021.416083916084,0.02141608391608396,0,-0.02709790209790197,2022-01-03 16:00:00,True,8.0,LINKUSDT
2022-01-03 23:00:00,2022-01-04 07:00:00,23.7,23.52,3000.0,3040.293613574117,0.013431204524705587,1,-0.03080168776371306,2022-01-04 04:00:00,True,8.0,LINKUSDT
2022-01-04 08:00:00,2022-01-04 11:00:00,23.67,24.06,1000.0,1016.4765525982255,0.016476552598225558,0,-0.007604562737642762,2022-01-04 09:00:00,True,3.0,LINKUSDT
2022-01-04 12:00:00,2022-01-05 00:00:00,24.09,24.57,1000.0,1019.9252801992528,0.01992528019925288,0,-0.027812370278123666,2022-01-04 23:00:00,True,12.0,LINKUSDT
2022-01-05 01:00:00,2022-01-05 03:00:00,25.09,25.61,1000.0,1020.7253886010362,0.02072538860103612,0,0.0,2022-01-05 01:00:00,True,2.0,LINKUSDT
2022-01-05 04:00:00,2022-01-05 13:00:00,25.81,26.51,1000.0,1027.1212708252617,0.027121270825261723,0,-0.01549786904300654,2022-01-05 12:00:00,True,9.0,LINKUSDT
2022-01-05 14:00:00,2022-01-05 15:00:00,26.54,27.11,1000.0,1021.4770158251696,0.021477015825169588,0,0.0,2022-01-05 14:00:00,True,1.0,LINKUSDT
2022-01-05 16:00:00,2022-01-06 18:00:00,26.77,25.66,6000.0,6195.567060343578,0.032594510057263104,2,-0.07002210824838906,2022-01-06 01:00:00,True,26.0,LINKUSDT
2022-01-06 19:00:00,2022-01-07 09:00:00,25.81,24.6,6000.0,6096.312274269351,0.016052045711558494,2,-0.07858775745928037,2022-01-07 06:00:00,True,14.0,LINKUSDT
2022-01-07 10:00:00,2022-01-07 11:00:00,24.59,25.35,1000.0,1030.9068727124848,0.030906872712484823,0,0.0,2022-01-07 10:00:00,True,1.0,LINKUSDT
2022-01-07 12:00:00,2022-01-07 16:00:00,25.27,27.07,1000.0,1071.230708349822,0.07123070834982204,0,-0.024535021764938714,2022-01-07 13:00:00,True,4.0,LINKUSDT
2022-01-07 17:00:00,2022-01-08 00:00:00,26.63,26.93,1000.0,1011.2654900488171,0.011265490048817162,0,-0.025159594442358157,2022-01-07 23:00:00,True,7.0,LINKUSDT
2022-01-08 01:00:00,2022-01-08 04:00:00,26.67,27.13,1000.0,1017.2478440194975,0.017247844019497416,0,-0.010123734533183493,2022-01-08 03:00:00,True,3.0,LINKUSDT
2022-01-08 05:00:00,2022-01-08 21:00:00,26.93,25.27,6000.0,6072.10078530061,0.012016797550101765,2,-0.08970315618757996,2022-01-08 17:00:00,True,16.0,LINKUSDT
2022-01-08 22:00:00,2022-01-09 02:00:00,26.0,27.07,1000.0,1041.1538461538462,0.041153846153846096,0,-0.02499999999999991,2022-01-08 23:00:00,True,4.0,LINKUSDT
2022-01-09 03:00:00,2022-01-09 04:00:00,26.94,27.62,1000.0,1025.2412769116556,0.025241276911655675,0,0.0,2022-01-09 03:00:00,True,1.0,LINKUSDT
2022-01-09 05:00:00,2022-01-09 16:00:00,26.98,28.55,1000.0,1058.191252779837,0.058191252779836944,0,-0.02742772424017803,2022-01-09 08:00:00,True,11.0,LINKUSDT
2022-01-09 17:00:00,2022-01-10 23:00:00,28.08,27.97,3000.0,3071.778353921211,0.023926117973736893,1,-0.04453086595943734,2022-01-10 13:00:00,True,30.0,LINKUSDT
2022-01-11 00:00:00,2022-01-11 01:00:00,27.57,28.05,1000.0,1017.4102285092491,0.017410228509249226,0,0.0,2022-01-11 00:00:00,True,1.0,LINKUSDT
2022-01-11 02:00:00,2022-12-31 00:00:00,28.35,5.46,10500.0,2362.102880590097,-0.7750378208961812,3,-0.7791580073266541,2022-06-13 08:00:00,False,8494.0,LINKUSDT
