symbol,variant,total_ret,max_dd
BTCUSDT,baseline,0.19831219367134945,-0.05304264590832546
BTCUSDT,dip3_bounce2,0.2144001750153417,-0.04895821556110522
BTCUSDT,dip5_bounce3,0.198312193671349,-0.05304264590832548
ETHUSDT,baseline,0.13311080630237893,-0.0499429439346361
ETHUSDT,dip3_bounce2,0.15666638663421617,-0.043595211953587676
ETHUSDT,dip5_bounce3,0.13907581707460426,-0.0499429439346361
SOLUSDT,baseline,0.1313482236979142,-0.08907507120319871
SOLUSDT,dip3_bounce2,0.18970312497280784,-0.06813574332710409
SOLUSDT,dip5_bounce3,0.1362311873207207,-0.085143467124761
XRPUSDT,baseline,0.20686087068236203,-0.11884646885277488
XRPUSDT,dip3_bounce2,0.2410758635831023,-0.09831593464577998
XRPUSDT,dip5_bounce3,0.2068608706823618,-0.11884646885277489
DOGEUSDT,baseline,0.1341758845036216,-0.1375428945409938
DOGEUSDT,dip3_bounce2,0.19964245815236636,-0.0877603939739622
DOGEUSDT,dip5_bounce3,0.14786965736105895,-0.12712979031015628
BNBUSDT,baseline,0.29761937062729493,-0.04207366504143141
BNBUSDT,dip3_bounce2,0.3050489124006681,-0.04207366504143158
BNBUSDT,dip5_bounce3,0.29761937062729404,-0.04207366504143158
LINKUSDT,baseline,0.4392495290991274,-0.0681343502870202
LINKUSDT,dip3_bounce2,0.46019541009995457,-0.06002529459698733
LINKUSDT,dip5_bounce3,0.43924952909912696,-0.06813435028702047
