horizon,wave_label,period,n,mean_return,t_stat
24h_fixed,A,holdout,92,0.029835367113788622,4.569712075946389
72h_fixed,5,holdout,17,0.06492208818808833,3.3445256188094725
24h_fixed,4,train,47,0.020753445806982473,3.2544728137923937
24h_fixed,5,holdout,17,0.03611979503739164,3.2216822336285325
168h_fixed,4,train,47,0.09124796948507331,3.215227764329216
fractal(~176h),4,holdout,12,-0.053077501230418773,-3.1422409940851583
24h_fixed,C,holdout,100,0.012729340500605379,3.0615947449119782
168h_fixed,5,holdout,17,0.045846031203137606,3.0475709525006947
24h_fixed,5,train,42,-0.02502138179328704,-2.998501319305198
fractal(~328h),5,holdout,17,0.07062594704935031,2.7842915219398074
72h_fixed,4,holdout,12,-0.03700330805237609,-2.7840161612329255
72h_fixed,5,train,42,-0.034806609551327666,-2.7830112105407583
72h_fixed,4,train,47,0.04367415213806563,2.6672673802500797
168h_fixed,4,holdout,12,-0.04561998074116531,-2.660373819407091
72h_fixed,3,holdout,10,0.0541476218061913,2.3166428736237
fractal(~191h),B,holdout,96,-0.01895057566511271,-2.3110506064997627
fractal(~384h),2,holdout,9,-0.14489776313706856,-2.252102584769986
fractal(~149h),3,holdout,10,0.053212838726061085,2.102332238797834
fractal(~418h),2,train,50,0.09795057179538494,2.0674595204800292
24h_fixed,C,train,168,0.008846164749456367,2.023549898684404
fractal(~135h),4,train,47,0.06914708211867227,2.0200168942632466
24h_fixed,3,holdout,10,0.0445477068262974,2.0122325062029427
24h_fixed,4,holdout,12,-0.015742265740585903,-1.9620896262297371
72h_fixed,2,holdout,9,-0.030616133984691738,-1.9502823889710659
24h_fixed,B,train,172,-0.008817254590891799,-1.9347630157597813
168h_fixed,2,holdout,9,-0.06616592290187019,-1.8691268869605486
168h_fixed,B,train,172,-0.01588790060336698,-1.8091237651129957
24h_fixed,B,holdout,96,0.007263871219378613,1.779235303009194
168h_fixed,5,train,42,-0.0281956796654164,-1.7626324486432887
72h_fixed,3,train,49,-0.018361182814849063,-1.676994805101333
72h_fixed,B,train,172,-0.010946791989945671,-1.6395658493646457
72h_fixed,A,holdout,92,0.01337539536640996,1.6369958328292389
24h_fixed,A,train,176,0.00740929879019443,1.5557974748941694
168h_fixed,2,train,50,0.039055422230290154,1.5423795556515867
fractal(~134h),A,holdout,92,0.012721284705513567,1.4829710211457687
168h_fixed,3,holdout,10,0.02294466029593195,1.4591861533050683
168h_fixed,3,train,49,-0.017411008574260298,-1.45487242545648
fractal(~202h),B,train,172,-0.014263776664647562,-1.4478238874508882
72h_fixed,1,holdout,8,0.04369337811693576,1.4425243302235544
72h_fixed,1,train,51,-0.013651165472544248,-1.2730028854375355
72h_fixed,C,holdout,100,0.007628950785974579,1.1069358948204626
72h_fixed,B,holdout,96,-0.005430641650014369,-0.9961231194698642
fractal(~126h),1,train,51,-0.00909941953863243,-0.863002204892462
fractal(~291h),C,holdout,100,0.009850683958740215,0.8006137008081436
fractal(~143h),3,train,49,-0.010029835549294451,-0.7594425487072286
72h_fixed,C,train,168,0.005229274806050088,0.7476445306994526
72h_fixed,2,train,50,0.008746794359961643,0.6988963351624522
168h_fixed,1,train,51,-0.006383673762502704,-0.6076334295887426
fractal(~305h),C,train,168,0.007168151874646375,0.6015604260223552
24h_fixed,3,train,49,-0.004699978023399813,-0.5626050770392319
24h_fixed,2,holdout,9,0.003540183251652371,0.5475865282640227
168h_fixed,A,holdout,92,0.0031584485593441265,0.4609866460447406
72h_fixed,A,train,176,-0.002807194321201727,-0.4410047846564171
24h_fixed,1,holdout,8,0.006374357010929893,0.41799388986384844
168h_fixed,C,train,168,0.0037552033976240335,0.39626227720867857
fractal(~123h),1,holdout,8,0.016165024319886284,0.38449299931639913
168h_fixed,C,holdout,100,0.002249362573982854,0.22317926342535138
168h_fixed,1,holdout,8,-0.009517319944570168,-0.20125367438697997
168h_fixed,B,holdout,96,-0.0009462319957279272,-0.14094517490496822
168h_fixed,A,train,176,-0.0009336521816613301,-0.11710065897198327
fractal(~318h),5,train,42,0.0033214943721274043,0.0856756532971204
fractal(~139h),A,train,176,-0.00044674120186830854,-0.05641088896613373
24h_fixed,1,train,51,-0.00031638725449210356,-0.050590801087945086
24h_fixed,2,train,50,-0.00015102011606428877,-0.01995990943745923
