threshold_pct,pivot_type,horizon,period,n,mean_return,t_stat
0.02,high,24,holdout,231,-0.007275369437713074,-3.8637736681535477
0.02,high,168,holdout,231,-0.01693243286993383,-3.233949449507881
0.12,high,72,train,89,0.026519739141319096,3.0160852930382456
0.18,high,168,holdout,14,-0.06779456223006056,-2.8078307937575526
0.08,high,72,train,136,0.016567200244453188,2.508631479280084
0.03,low,168,holdout,179,-0.01294785169473671,-2.4677903695078616
0.08,high,72,holdout,62,0.01844838563581745,2.465932984138891
0.02,high,72,holdout,231,-0.007761611757577102,-2.4585667748395106
0.18,high,72,train,48,0.022658485075087016,2.2635770541601024
0.08,high,24,train,136,-0.006972986410938077,-2.195660293748621
0.25,low,72,train,25,-0.02628899416377774,-2.1769467261694344
0.18,high,72,holdout,14,-0.044921582847945,-2.0675565803999643
0.03,low,72,holdout,179,-0.009161966707118267,-2.036428653247846
0.18,low,168,holdout,21,-0.037332334062418385,-1.950922119230383
0.03,high,168,holdout,180,-0.012002876929537913,-1.928514329654352
0.25,high,72,train,27,0.026043702197421668,1.8437173605370867
0.02,low,168,holdout,232,-0.00854142521200648,-1.737561881567571
0.03,high,24,holdout,180,-0.0033395751630361688,-1.6348115272146164
0.25,low,24,train,25,-0.01823585379456185,-1.5476110969578027
0.08,high,24,holdout,62,0.006568247246845331,1.5233541457187887
0.02,low,24,train,455,0.0032933987289176466,1.5215401204320027
0.05,low,24,holdout,110,0.004877097982441345,1.490812446987566
0.12,high,168,holdout,33,-0.018641804044910053,-1.4641897254064555
0.12,low,24,train,89,-0.00877039941289544,-1.427994196712081
0.18,high,168,train,48,0.021368585911627044,1.3949348443603633
0.03,high,168,train,373,0.008231023293885415,1.3503919765681767
0.12,low,24,holdout,35,0.009200123791093274,1.189124599478362
0.12,low,72,train,89,-0.010677088552873986,-1.1852631033570935
0.12,high,168,train,89,0.016896745125572418,1.151749283041229
0.02,low,72,holdout,232,-0.004612050645323984,-1.1277126392505383
0.25,high,168,train,27,0.016857275349981986,1.1068162999755982
0.05,high,24,holdout,114,0.0026010709967341714,1.0544976212085464
0.02,low,168,train,455,0.006248841863766805,1.0341458851656737
0.05,low,168,holdout,110,-0.007625525198371975,-1.0146240189288287
0.02,high,72,train,455,-0.0036129926427573076,-1.0108061041517942
0.12,high,24,holdout,33,0.005950023260550042,0.996908119653431
0.03,high,72,holdout,180,-0.003609277466998679,-0.9847115760105541
0.08,low,24,holdout,60,0.004272800517983757,0.9560142071338052
0.18,low,24,train,46,-0.009728138037567247,-0.9382745049318917
0.12,high,24,train,89,-0.0037324910888525535,-0.8680937501435609
0.02,low,24,holdout,232,0.001565580725120856,0.8610407295897803
0.18,low,24,holdout,21,0.00867070489902141,0.8526239305202702
0.25,low,168,train,25,-0.020815608831986524,-0.8512686745586447
0.05,high,24,train,226,-0.002105830383780578,-0.8363111266606008
0.05,low,72,holdout,110,-0.004645536897365502,-0.7804248528593428
0.18,low,72,holdout,21,-0.012346816087566572,-0.7655215493568113
0.02,high,168,train,455,0.003924269331516066,0.7492173860012968
0.25,high,24,train,27,-0.007918671122226406,-0.74040389145979
0.05,high,168,train,226,0.005547816228298451,0.7200859350548116
0.02,high,24,train,455,-0.001303248126731074,-0.6426115778467902
0.12,low,168,holdout,35,-0.00653919180044342,-0.6074061277326993
0.25,low,72,holdout,14,-0.012790845527023411,-0.5976313160537822
0.12,low,72,holdout,35,-0.005710399953644145,-0.5346331923576123
0.05,low,72,train,229,0.002464236531989045,0.5169182555434498
0.08,low,24,train,139,-0.0022536332917879247,-0.5072924384666753
0.08,high,168,holdout,62,0.0045969042726994366,0.5061530506374354
0.05,low,168,train,229,0.004121481571012362,0.4674620766350089
0.08,low,72,holdout,60,0.004257280093710288,0.4572797186618943
0.02,low,72,train,455,0.0016293274988077083,0.448832880817473
0.25,low,168,holdout,14,-0.012008636879054489,-0.42620193381206417
0.18,low,168,train,46,-0.010712083995925685,-0.412525207196476
0.18,high,24,holdout,14,0.004935696088857332,0.3859990321595303
0.12,high,72,holdout,33,-0.0030784701167895895,-0.37619054975920135
0.05,high,72,holdout,114,0.0015871052034749737,0.33492070667746815
0.03,low,72,train,374,-0.0013287658747665714,-0.33197586354384756
0.12,low,168,train,89,-0.0060597965379538,-0.29425797725417957
0.03,low,168,train,374,0.0019824135418045927,0.29423544637982063
0.08,low,168,holdout,60,-0.0025677173718241077,-0.29058484498159337
0.25,low,24,holdout,14,0.003623977631845053,0.27999454359117376
0.08,high,168,train,136,0.0024924471181585676,0.27643645134092415
0.03,high,24,train,373,0.000546504165444009,0.26018561399547674
0.08,low,168,train,139,0.0031389851385739977,0.2523571166791197
0.03,low,24,train,374,-0.0004919822046017258,-0.21607818289033653
0.05,high,72,train,226,0.000986718445365228,0.20131191168499005
0.05,high,168,holdout,114,-0.0010221477743528524,-0.1405549846692769
0.18,low,72,train,46,-0.0017712947277978466,-0.13622359581091434
0.08,low,72,train,139,-0.0007673630925857968,-0.12224633897804742
0.03,low,24,holdout,179,0.0002618111188091426,0.11566398260945654
0.18,high,24,train,48,-0.0006461024029414836,-0.103516033198227
0.03,high,72,train,373,-0.00020843328641106522,-0.05825263865447747
0.05,low,24,train,229,0.00016916438636736887,0.055831620447983725
