threshold_pct,direction,horizon,period,n,plain_mean,plain_t,stop_mean,stop_t,base_mean,base_t,beats_base
0.02,up,12,holdout,8,-0.025748778031813163,-4.918145119613465,-0.02520320589489093,-4.934932339471159,-0.004094638528256918,-2.091995708668906,True
0.02,down,72,train,19,-0.022478133431454047,-3.3921460108559227,-0.024986950926560027,-4.483149403154337,-0.00430173427535034,-1.4320465445752395,True
0.02,up,24,holdout,8,-0.03052391678413499,-3.807662681219984,-0.028255359094368215,-4.1807683742743365,-0.0021567105227716546,-0.8036024477781551,True
0.02,up,72,holdout,8,-0.028647564857605806,-3.409032865580037,-0.029538115673762466,-3.820420750373224,-0.0017367423666482104,-0.49735874477268494,True
0.02,down,1,train,19,-0.007424737658197347,-3.5508728957493445,-0.007424737658197347,-3.5508728957493445,-0.0027810010691724212,-5.282959770963316,False
0.02,up,4,holdout,8,-0.014110839097610003,-3.2338915624832576,-0.014159619665146561,-3.2245062605248145,-0.0034876515646657122,-2.825752189040116,True
0.02,down,24,train,19,-0.017754261617700388,-2.896250302912629,-0.01422743152487463,-2.8930537322152334,-0.005345023361689383,-2.735192557675744,True
0.02,up,1,holdout,8,-0.006436172547215124,-2.635398036232979,-0.006436172547215124,-2.635398036232979,-0.003502319663850498,-3.8419074343703903,False
0.02,up,1,train,17,-0.003492515114994122,-2.5892592599492765,-0.003492515114994122,-2.5892592599492765,-0.0028571563768329026,-5.807170252772002,False
0.02,down,12,train,19,-0.011582280860815702,-1.9893071705550585,-0.009652395805235359,-1.8651518521871073,-0.004493681927531156,-2.9094514949377452,False
0.02,up,4,train,17,-0.004661173768596035,-1.6926869108834857,-0.004661173768596035,-1.6926869108834857,-0.0026266828269583702,-2.635791234116537,False
0.02,down,4,train,19,-0.005449278143315773,-1.483370978890263,-0.005449278143315773,-1.483370978890263,-0.0023878188743612764,-2.5368182283432197,False
0.02,down,4,holdout,10,0.007671550798491333,1.1129176411291277,0.007671550798491333,1.1129176411291277,-0.0013453912492865417,-1.1092550890134125,True
0.03,down,1,holdout,8,-0.003367865773746398,-0.9141871049192974,-0.003367865773746398,-0.9141871049192974,-0.001672655000003037,-1.6251822577294894,False
0.03,down,12,holdout,8,-0.004098175635313353,-0.6537056737699001,-0.004098175635313353,-0.6537056737699001,-0.0008233483372735412,-0.3613422749597681,True
0.02,up,12,train,17,0.001915121830438143,0.5832055058027685,0.001915121830438143,0.5832055058027685,-0.002340967245467175,-1.452179691021523,False
0.02,down,72,holdout,10,0.005360101431065323,0.2243440129117146,0.009740800156604768,0.44446971625546156,-0.0037582653246636235,-0.983113904251087,False
0.02,up,72,train,17,0.0011184397513739406,0.12040381416067375,-0.004026451564019197,-0.3697314713921824,0.004533829957907224,1.5480147763471048,False
0.02,down,24,holdout,10,-0.009443816872034261,-0.5955485200872627,-0.004762420174145521,-0.36702706243221594,-0.0006882441261387475,-0.2570864218674313,True
0.03,down,72,holdout,8,0.004483173620088363,0.25351627868832743,0.005548691561105379,0.32154890054536955,-0.0011265473498508318,-0.2260326449696608,True
0.02,up,24,train,17,-0.001972884331790593,-0.2560692001652468,-0.002414686169453382,-0.30100095579891123,-0.00034968134741410244,-0.16745705359145555,True
0.03,down,4,holdout,8,-0.002288608791335134,-0.27996002179699175,-0.002288608791335134,-0.27996002179699175,-0.0006288891182562258,-0.36228538096720625,False
0.02,down,12,holdout,10,0.0014596756455527381,0.161637935757335,0.0014596756455527381,0.161637935757335,-0.0030612471479294127,-1.7399768770067223,False
0.02,down,1,holdout,10,-0.0003393262973085842,-0.1349212573774989,-0.0003393262973085842,-0.1349212573774989,-0.0020884569274384904,-3.6876335613732243,False
0.03,down,24,holdout,8,-0.001143078202284098,-0.09400900380065232,-0.0008296866765477029,-0.06914965963390456,0.00048305126894995277,0.16485810678346888,False
