threshold_pct,wave_label,direction,horizon,period,n,mean_return,t_stat
0.05,2,down,168,train,11,-0.11747989330556376,-7.572218622161397
0.02,1,down,168,holdout,14,-0.10628209732390147,-7.123514394332707
0.03,1,up,168,train,16,0.12478242472664186,6.758780130099972
0.03,2,up,168,train,16,0.12446313740091706,6.21279024431603
0.02,1,down,168,train,18,-0.12294516557973857,-5.6353040480986705
0.02,1,up,168,train,23,0.13741147940902446,5.571234241829956
0.03,1,down,168,train,17,-0.12540396223337527,-5.522976831950873
0.02,2,up,168,train,23,0.15444912138624467,5.298734268092468
0.02,2,down,168,holdout,14,-0.1345105700152373,-5.021473790986895
0.02,2,down,72,train,18,-0.0594096482092518,-4.900197782004878
0.02,B,up,168,holdout,59,-0.029024438054449726,-4.838081409274093
0.02,2,up,72,train,23,0.09086531910211497,4.793576101382171
0.02,1,down,72,train,18,-0.07585713296795925,-4.588570759531595
0.12,A,down,168,train,14,-0.11161047775724686,-4.5650129369715176
0.03,2,up,24,train,16,0.03599316720793993,4.420180725849546
0.12,A,down,72,train,14,-0.07394828439493309,-4.321595394227906
0.03,3,down,168,train,17,-0.0545945767190153,-4.259800898016796
0.02,2,down,72,holdout,14,-0.06266849937037154,-4.242074070729557
0.05,A,down,72,holdout,27,-0.02590199935768754,-4.204268853549855
0.05,1,up,168,train,14,0.1235528605172467,4.189800274716322
0.03,2,down,72,train,17,-0.05502009789234787,-4.18249135375906
0.03,B,up,168,holdout,49,-0.03710759089408717,-4.158836744309055
0.05,2,up,168,train,14,0.09506685017204998,4.154960560114345
0.03,1,down,72,train,17,-0.06891311967191532,-4.038133165775377
0.02,B,down,72,holdout,44,0.022658583625144668,4.003671879543906
0.03,2,up,72,train,16,0.07488343567932434,3.985795746783718
0.03,3,down,24,train,17,-0.035106313689910046,-3.967148199021154
0.02,1,up,168,holdout,8,0.07027317203107808,3.857150067094567
0.02,1,up,72,holdout,8,0.041999458194848044,3.8531571163180325
0.02,2,up,24,train,23,0.03795092599076425,3.8377521967477985
0.02,2,down,24,train,18,-0.041433894495924786,-3.824575870596263
0.02,1,down,72,holdout,14,-0.07629346946520231,-3.791018049127305
0.12,B,up,168,train,15,-0.061757082104623134,-3.78636910090348
0.02,C,up,168,holdout,59,-0.022516717097427134,-3.782645376616983
0.02,B,up,72,holdout,59,-0.016992306354352074,-3.7129614081862536
0.03,A,down,72,holdout,39,-0.019020582025094143,-3.678907272655213
0.05,2,up,72,train,14,0.04418709795879649,3.5699554643633413
0.08,A,down,168,train,30,-0.049019389071761975,-3.5408677712669134
0.02,1,up,72,train,23,0.04858386473084916,3.533875264804531
0.02,C,up,24,holdout,59,-0.012141562388163402,-3.5076008769024654
0.08,2,up,72,train,9,0.04323203467094321,3.38704225140124
0.03,2,down,168,train,17,-0.06897340380564523,-3.349486033579181
0.12,A,down,168,holdout,9,-0.032453586700360644,-3.283835799095047
0.03,C,up,24,holdout,49,-0.009869244949265889,-3.276442683061644
0.25,A,up,168,train,10,0.04903939054659653,3.2240442022718283
0.03,B,up,72,holdout,49,-0.015333948628359816,-3.2146050514587823
0.02,2,down,168,train,18,-0.07183320118358638,-3.1819003556934073
0.03,1,up,24,train,16,0.01944418632460817,3.1764235418386235
0.08,2,up,168,train,9,0.10315076225394992,3.151783115879568
0.02,5,down,72,holdout,15,0.024687585245994497,3.1211772145469157
0.03,B,down,72,holdout,39,0.018693393362593607,3.1093059131949095
0.02,3,down,168,train,18,-0.045769350964489475,-3.0991850648945642
0.02,A,up,24,holdout,57,-0.010045798379200969,-3.080169018064074
0.05,A,down,168,holdout,27,-0.02130775015009989,-3.0761461526698897
0.05,1,down,168,train,11,-0.09167931423676418,-3.064474205686017
0.05,2,down,72,train,11,-0.074113886704426,-3.0164202906281488
0.05,3,down,168,train,11,-0.039029869957509726,-2.9914589724712854
0.03,2,down,24,train,17,-0.03352010770316988,-2.9576965190919244
0.08,B,down,24,train,29,-0.015330189027283949,-2.9546603168255143
0.08,3,up,168,train,9,0.10250485999477611,2.8651213570840928
0.02,3,down,24,train,18,-0.026046641686840274,-2.8580009209786
0.02,2,down,24,holdout,14,-0.03052091545292122,-2.8437036611929085
0.02,C,up,72,train,94,-0.020572500937903537,-2.801282746630825
0.02,3,down,72,holdout,14,-0.06109766255808442,-2.7386770001655814
0.02,1,up,24,holdout,8,0.027159580002056816,2.624016560466073
0.03,3,up,72,train,16,0.030093633467288224,2.6220269086295764
0.08,A,down,168,holdout,15,-0.018956493063810708,-2.5950256573311976
0.12,A,down,72,holdout,9,-0.026158626488127796,-2.589621291826061
0.03,1,down,24,train,17,-0.02758330849594691,-2.5887524502074566
0.08,1,up,168,train,9,0.08189580892022158,2.5675478576765016
0.02,C,down,24,train,106,0.013434887231962683,2.537251003666949
0.03,B,down,168,holdout,39,0.022409448294569423,2.516998277555317
0.03,1,up,72,train,16,0.03687697662522146,2.439855176921357
0.05,A,up,168,holdout,26,0.019968014452994294,2.4052998299337687
0.08,3,up,72,train,9,0.07259844119588463,2.4019652238055254
0.02,C,down,24,holdout,47,0.013369813103466605,2.380621587152959
0.18,A,up,168,train,13,0.06599413953988541,2.3719144874039637
0.03,5,down,24,holdout,10,0.01690127741326114,2.3434228235089294
0.12,B,up,72,train,15,-0.03701107528413954,-2.28679482517511
0.02,A,up,72,holdout,57,-0.008734576374317474,-2.281175109822782
0.02,1,up,24,train,23,0.01626868639354073,2.260837494205133
0.02,B,down,168,train,109,0.024706284733677104,2.223696384607502
0.02,C,up,72,holdout,59,-0.011853022236314792,-2.2184234453812355
0.05,1,up,72,train,14,0.04993191936998953,2.1979419355087213
0.03,B,down,168,train,83,0.028367302126548914,2.1797901187677238
0.02,1,down,24,train,18,-0.016338692062232454,-2.1440840402943784
0.03,B,up,168,train,82,-0.023759504799097216,-2.140596924478474
0.08,B,up,72,train,24,-0.027838683356682093,-2.1365312060529926
0.03,A,down,168,holdout,39,-0.01289632149297333,-2.118084160606978
0.03,B,down,72,train,83,0.017505483124318554,2.1028245798004708
0.05,3,up,72,train,14,0.036226901796383174,2.101330275930704
0.02,3,down,72,train,18,-0.030279629855899666,-2.0743856975107793
0.03,C,up,72,holdout,49,-0.012802735171446063,-2.0641011947577446
0.08,B,down,168,train,29,-0.039805037255535795,-2.0605507395010143
0.08,A,up,72,holdout,15,0.026973956550054634,2.0292086661336115
0.08,1,up,72,train,9,0.044436807508546915,2.0272113368765172
0.08,C,up,24,train,24,-0.015722888506497727,-2.017621788142022
0.02,2,up,72,holdout,8,0.0544589044226574,2.0165925675593144
0.02,B,up,168,train,94,-0.020634473195357588,-2.009675294720908
0.05,1,up,24,train,14,0.01646237165448388,1.98956084933315
0.08,A,up,24,holdout,15,0.015226525992931342,1.9833357740848347
0.02,3,up,168,holdout,8,0.021312473051588274,1.9376930129813692
0.02,2,up,168,holdout,8,0.0707758577531027,1.919432222534465
0.02,3,down,168,holdout,14,-0.031062780615831325,-1.9025463880736573
0.03,C,up,168,holdout,49,-0.020474527169710655,-1.8732342872909975
0.05,C,up,168,holdout,27,-0.019813927375502565,-1.8657670335122385
0.05,A,down,24,train,46,-0.012265168939597634,-1.8644274185884275
0.03,3,down,72,train,17,-0.030468312405862792,-1.8594316930171726
0.02,C,up,24,train,94,-0.009548072669465415,-1.8555030206917351
0.02,A,up,72,train,96,0.011436582589479265,1.8398667897354102
0.12,C,up,72,train,15,0.04436243295992884,1.8369735727781027
0.05,C,up,72,holdout,27,-0.01153811874062577,-1.8287579621518604
0.03,A,up,72,train,83,0.013356044520830541,1.809831859310179
0.02,3,down,24,holdout,14,-0.008549442621403629,-1.7540678022991
0.05,3,down,72,train,11,-0.028181030297559695,-1.7493066764479726
0.05,A,down,24,holdout,27,-0.006488941475745619,-1.7475753675470955
0.05,B,down,72,holdout,28,0.014200462061690221,1.7365678054547937
0.02,B,down,24,holdout,44,0.0063482871333983,1.7355091078861669
0.25,B,up,72,train,8,-0.03858355674568589,-1.729230024065024
0.03,A,up,168,holdout,48,0.009512942978626647,1.7289716186726458
0.05,C,down,24,holdout,29,0.010214718720427448,1.7176151590099373
0.02,5,down,168,holdout,15,0.019385446577171006,1.6893059339317988
0.12,C,down,24,holdout,10,0.03109168529427946,1.6701696394521384
0.03,A,down,72,train,83,-0.00958127017795137,-1.6681873618021799
0.03,3,up,168,train,16,0.06260666344420299,1.6378023013001097
0.02,4,down,24,holdout,15,-0.014785087340420966,-1.6208177747165005
0.12,A,down,24,train,14,-0.036256075980226656,-1.6140536917594084
0.05,A,down,168,train,46,-0.017807638931754896,-1.6073828334674078
0.05,3,up,168,train,14,0.0451320015222871,1.6024280043727872
0.08,B,down,72,holdout,16,0.0279945824037929,1.590992468906113
0.12,A,up,24,train,15,-0.01678781282440523,-1.5904776794375421
0.12,B,down,24,holdout,10,0.019116277374282852,1.58493745764692
0.02,5,down,168,train,17,-0.038684390643053256,-1.5796418131271026
0.03,5,down,24,train,14,-0.023330375573800934,-1.560410206447712
0.08,A,up,72,train,24,0.02184194019757037,1.5581856801329417
0.03,3,up,24,train,16,0.014367890771183202,1.5546468599062142
0.25,A,up,72,train,10,0.029035934183875158,1.527997981907083
0.08,B,up,168,train,24,-0.025413494013807717,-1.5251775902503897
0.02,C,down,72,holdout,47,0.016644250229257408,1.5219094956653123
0.12,C,down,24,train,13,-0.016611444251814548,-1.5182686699875345
0.03,5,up,168,train,16,0.09160053786914249,1.5027357906908714
0.02,A,down,24,train,110,-0.006065404896993661,-1.5004228382039744
0.05,1,down,24,train,11,-0.021988847461236073,-1.4686818350570252
0.02,B,down,168,holdout,44,0.016743848359187824,1.4617734158462905
0.02,A,up,24,train,96,0.005180051695886157,1.460279539254385
0.08,A,up,168,holdout,15,0.028898907987625923,1.4579997039890324
0.03,B,up,72,train,82,-0.012299315238637953,-1.4402441173328349
0.03,C,up,72,train,82,-0.010197493198705825,-1.4350313806861514
0.08,B,up,168,holdout,15,-0.024387948029295885,-1.4318740592472858
0.02,1,down,24,holdout,14,-0.008865955121160396,-1.4312335060453314
0.02,5,down,24,holdout,15,0.009065691034236807,1.4132955328912575
0.05,B,down,168,holdout,28,0.014921614871374247,1.4128846799405517
0.05,C,down,168,train,44,-0.020041021868428495,-1.3956222652535972
0.05,A,up,24,train,44,-0.007464395494991046,-1.3948705513355948
0.18,C,up,24,train,12,-0.014134538542047206,-1.372867458365836
0.18,A,up,24,train,13,0.013483665458418,1.3664536968175387
0.02,B,up,72,train,94,-0.010874798202031095,-1.3587662726861702
0.02,4,down,24,train,17,0.02580529667084975,1.3568087320669875
0.05,2,up,24,train,14,0.014821360667877323,1.3344141565790613
0.02,3,up,72,train,23,0.0369610404067341,1.3198766283228118
0.03,B,down,24,train,83,0.005211263973874282,1.3134628529767494
0.08,C,down,24,holdout,16,0.008676997237469786,1.3084673351067229
0.05,A,up,168,train,44,0.015383831206905558,1.3011099959861316
0.03,B,down,24,holdout,39,0.005260233277637534,1.2994803976811573
0.25,B,up,24,train,8,-0.03128029372038546,-1.2972352027651908
0.08,5,up,72,train,9,0.04973453745155971,1.2815852892686683
0.05,A,up,72,holdout,26,0.008804080866301365,1.2767222556580204
0.02,4,up,168,holdout,8,-0.024995052937138565,-1.2765189656273928
0.02,3,up,168,train,23,0.04458534749463719,1.2752333767893145
0.03,5,down,72,train,14,-0.02569730178279777,-1.2720499452367038
0.02,B,down,72,train,109,0.008815880680501653,1.243684389608566
0.02,B,up,24,train,94,-0.004222271681069081,-1.2430325805265026
0.02,B,down,24,train,109,0.004137512727104706,1.2369698789491903
0.18,A,up,72,train,13,0.019089568914060953,1.236538739547545
0.12,B,up,24,train,15,-0.012249461562673073,-1.2265768097345722
0.08,A,down,72,train,30,-0.014651588563952175,-1.2182817874401604
0.03,A,down,24,train,83,-0.005551099073144408,-1.2072381050846641
0.03,4,down,24,train,14,0.025213981270549586,1.2022774593704664
0.02,A,down,72,train,110,-0.005714706428277402,-1.1943567126661674
0.03,C,down,168,holdout,42,0.00890741289347576,1.1887161611115058
0.02,5,up,24,train,23,0.008644567052690358,1.1787677972023571
0.05,5,down,24,train,8,0.020461390566168927,1.1658323525443066
0.08,A,down,72,holdout,15,-0.007553067508015595,-1.1589544201059776
0.12,B,down,168,holdout,10,0.017260033848500344,1.1553049902222674
0.02,4,up,72,holdout,8,0.009566253782343173,1.152453589461317
0.03,A,down,24,holdout,39,-0.003688242537822699,-1.1511134306057949
0.18,C,up,72,train,12,0.02924538169003038,1.1396613121662413
0.08,5,up,168,train,9,0.053007707185011674,1.1281950119813693
0.03,A,up,72,holdout,48,0.004811434703591642,1.1276175283596854
0.02,4,down,168,train,17,-0.016384459656359446,-1.1218000281105398
0.03,5,down,168,holdout,10,0.015263526121031457,1.101923310466522
0.03,C,down,72,holdout,42,0.00882134667580381,1.1003122817008997
0.02,4,up,168,train,23,0.0688372032394832,1.099853025441544
0.02,5,up,168,train,23,0.026263528019695004,1.099382252568059
0.02,2,up,24,holdout,8,0.014032617059201044,1.0868424342553975
0.05,B,down,24,train,45,0.005279598806444125,1.0787769091475043
0.03,4,up,168,train,16,0.08728780354377022,1.0672937167625918
0.05,B,up,24,train,43,0.005097439057368289,1.059635045653234
0.02,A,down,24,holdout,43,-0.003930983810901168,-1.0520323876596358
0.12,C,up,168,train,15,0.0419189821226119,1.0517734471398736
0.12,B,down,168,train,13,-0.025173409180730674,-1.0473864535683033
0.05,C,down,72,train,44,-0.00935355811074095,-1.0430399155130958
0.08,3,up,24,train,9,0.01781731604215484,1.0146812389186752
0.03,C,down,168,train,80,-0.010895021562197214,-0.9957551352833733
0.03,A,up,24,train,83,0.004492421616997324,0.9926203664260422
0.12,C,down,168,holdout,10,0.025312057167669877,0.987107435472646
0.08,5,up,24,train,9,0.016311959914126237,0.9799482810074154
0.05,A,down,72,train,46,-0.008796861300359171,-0.9712765461354186
0.08,C,down,72,holdout,16,-0.010575617754681382,-0.9656714059087073
0.05,A,up,72,train,44,0.007996571910917731,0.9635738213210013
0.08,2,up,24,train,9,-0.00841929311174567,-0.9478651058328417
0.12,C,down,168,train,13,-0.025061112013099737,-0.9425993515566838
0.02,5,up,24,holdout,8,0.007731608944447549,0.9410991242677766
0.02,A,up,168,holdout,57,-0.005042062186091106,-0.9404156682950685
0.02,B,up,24,holdout,59,-0.0025123118455314996,-0.9368934841205574
0.18,B,up,168,train,12,-0.03626423612843768,-0.9087252467431034
0.05,B,up,24,holdout,27,0.005170975596391574,0.905570350198584
0.08,4,up,168,train,9,-0.02793057348755785,-0.9040524700644713
0.02,A,down,72,holdout,43,-0.004980261305401242,-0.8915978737156498
0.05,4,down,168,train,8,0.019648688777301207,0.8905626155295486
0.02,5,down,72,train,17,-0.015351229004863834,-0.8866982482417128
0.05,4,down,24,train,8,-0.011251804961570175,-0.8791307763764912
0.03,4,up,72,train,16,0.01635407614037962,0.8703328482848828
0.02,4,up,24,train,23,0.00834317101034795,0.8651329731721779
0.08,C,up,168,train,24,0.016110500464302364,0.8550192143494677
0.05,4,up,168,train,14,0.07972379778691074,0.8532416619305987
0.12,A,up,168,train,15,-0.017083612575141106,-0.8388556480302543
0.02,C,down,168,holdout,47,0.011633714738492291,0.8381074203042418
0.05,3,down,24,train,11,0.007040499884791254,0.8340385556717442
0.25,C,up,24,train,8,-0.02056263376054325,-0.833660563607556
0.08,4,up,72,train,9,-0.026694889537218817,-0.8330391950607657
0.02,C,up,168,train,94,-0.009114349463885861,-0.8120955706033739
0.12,B,down,72,train,13,0.014634340079846165,0.7794213664984007
0.05,5,up,24,train,14,-0.009239025234698177,-0.7696837117873433
0.08,B,up,24,train,24,0.0061895675571574564,0.7605211219701971
0.03,C,down,72,train,80,-0.006274871282998187,-0.7599628809804373
0.08,A,up,168,train,24,-0.009816360354693798,-0.7499442419011246
0.05,2,down,24,train,11,-0.00985736983872148,-0.7497931577400521
0.03,5,up,24,train,16,-0.007511115389435774,-0.745743659361097
0.08,C,down,24,train,29,-0.007661276090875018,-0.7415454450679334
0.02,A,down,168,holdout,43,-0.004625312855594008,-0.7251033025366559
0.12,A,down,24,holdout,9,-0.005239909308690671,-0.721964734948589
0.05,4,up,72,train,14,-0.01669844311709603,-0.7200841110541915
0.03,4,up,24,train,16,0.0059484007311273665,0.7185758334479041
0.03,A,up,24,holdout,48,-0.0020180273641124957,-0.7079241577818497
0.02,3,up,24,holdout,8,0.00388434237999985,0.7016815696395529
0.02,4,down,168,holdout,15,0.01413414185931532,0.6978145161889469
0.05,5,down,168,train,8,-0.014947656582496069,-0.6888646257601865
0.05,C,down,168,holdout,29,-0.010076318484729762,-0.6872200924709438
0.02,5,down,24,train,17,-0.009069982348205226,-0.6840475540783105
0.08,B,down,168,holdout,16,0.014424369574687068,0.6829629268293962
0.03,5,down,168,train,14,-0.021105864099509635,-0.6828344546927768
0.08,C,up,168,holdout,15,-0.009728079275496852,-0.6820404772862557
0.02,3,up,24,train,23,0.00563076807337412,0.6806252377180162
0.05,3,up,24,train,14,0.0072526502832285,0.6631131637091136
0.18,B,up,24,train,12,-0.01073328092069912,-0.6586264166039398
0.05,C,up,24,train,43,0.0044965311499657375,0.6534856594222876
0.05,1,down,72,train,11,-0.011989019623531504,-0.6291699677341831
0.08,1,up,24,train,9,-0.006604012778283029,-0.6148582701389679
0.08,A,down,24,holdout,15,-0.003622863035422489,-0.6096793980875743
0.08,C,down,168,holdout,16,-0.004260773895256385,-0.6062005409428567
0.18,B,up,72,train,12,-0.016911891597531686,-0.6033033877913029
0.05,B,down,72,train,45,0.0055551158091896174,0.5929594229306843
0.08,B,up,24,holdout,15,-0.0038888854722000247,-0.5896846620580587
0.18,C,up,168,train,12,0.017846313203028707,0.5814578880395441
0.03,5,up,72,train,16,0.006444891442645179,0.5593672222942571
0.05,B,up,72,holdout,27,-0.00706630443545392,-0.5492553457262412
0.02,4,up,72,train,23,0.011435952136138634,0.5274703435537137
0.12,A,up,72,train,15,-0.0091137672253001,-0.5244936373408028
0.02,C,down,168,train,106,0.005053389538459583,0.5217626003037482
0.03,C,down,24,holdout,42,0.002660468516864866,0.5213471065232885
0.08,A,down,24,train,30,-0.0049854055566240455,-0.5106059797952602
0.05,C,down,72,holdout,29,0.005434927734694764,0.4906326170343232
0.05,C,up,24,holdout,27,0.001597675763080494,0.4861324998403143
0.05,B,up,168,holdout,27,-0.00789295300301902,-0.4828595850323322
0.03,A,up,168,train,83,0.0042751101775570155,0.48269823382587657
0.25,B,up,168,train,8,-0.022000550343515363,-0.48017619722651134
0.12,C,down,72,holdout,10,0.011951782653772813,0.4505354566216758
0.02,C,down,72,train,106,0.0031735337301238933,0.4475365307278224
0.03,A,down,168,train,83,-0.0041256004620248655,-0.44568223505131915
0.08,B,down,72,train,29,-0.006162364272571728,-0.4405483589466074
0.03,4,down,168,holdout,10,-0.013098155828819425,-0.4320910769156867
0.02,3,up,72,holdout,8,0.004414634578350146,0.4312625744958925
0.08,4,up,24,train,9,-0.00794425415032676,-0.4281998852736143
0.05,B,down,168,train,45,0.005604310113839851,0.42001212635417595
0.05,B,up,72,train,43,-0.0048344715389901875,-0.4188344019249685
0.08,A,up,24,train,24,-0.002976285114693264,-0.37111635210148475
0.02,A,up,168,train,96,-0.002931491042370169,-0.3616775266777689
0.05,4,up,24,train,14,-0.004970789162735856,-0.3494773969386991
0.05,C,up,168,train,43,0.008321616182652269,0.3437715589124231
0.03,4,down,24,holdout,10,-0.007011616810396903,-0.33547555598495465
0.02,5,up,72,train,23,-0.004025664668053517,-0.3346845524457347
0.25,A,up,24,train,10,-0.004397349160378816,-0.3274756303463766
0.03,4,down,72,train,14,0.005639297368150165,0.32499637091132205
0.03,C,up,24,train,82,-0.0011391587756357379,-0.32377826577312785
0.05,B,down,24,holdout,28,0.001822024226276499,0.32181691638334425
0.12,C,down,72,train,13,0.003920851328123314,0.29239299247587747
0.03,4,down,72,holdout,10,0.006892236687267716,0.2812477941205776
0.03,B,up,24,holdout,49,-0.0011720779875105454,-0.26537996845937567
0.03,5,down,72,holdout,10,0.0014465676791133753,0.25806242342761027
0.05,C,up,72,train,43,0.0029212689247199715,0.2442409166293742
0.02,4,up,24,holdout,8,0.0012504272773649627,0.24031865596123425
0.05,A,up,24,holdout,26,0.0008998235376084283,0.2245635668827741
0.05,5,down,72,train,8,0.004663067072679938,0.22319999014349326
0.05,5,up,168,train,14,0.009660118666496258,0.2224498617040809
0.03,B,up,24,train,82,0.0008456853451752215,0.20733172558567076
0.05,C,down,24,train,44,-0.001363212083904068,-0.20655790524296166
0.03,4,down,168,train,14,-0.003351043600518712,-0.19979593371080367
0.12,B,down,24,train,13,0.0015427979268767865,0.1927926258907253
0.08,C,down,168,train,29,-0.003788145125982077,-0.1906925172270982
0.02,5,up,72,holdout,8,-0.002437821089979475,-0.18599543580490369
0.08,B,down,24,holdout,16,0.0016940291526441956,0.17326905586505686
0.08,C,up,72,holdout,15,0.001917903481348334,0.1642570978704708
0.05,4,down,72,train,8,0.002736305437796252,0.1594052139585366
0.03,C,down,24,train,80,0.0007658336616308658,0.15651179837565526
0.05,5,up,72,train,14,0.0045314937818070845,0.14710401100242215
0.02,4,down,72,holdout,15,-0.001783491317310526,-0.11669495003338476
0.08,B,up,72,holdout,15,-0.0018645695425566933,-0.11059724781585581
0.08,C,down,72,train,29,0.0014647082582426958,0.1076571737394054
0.03,C,up,168,train,82,-0.0012896350764269153,-0.10757442582894114
0.25,C,up,72,train,8,0.003072396919302986,0.09500701483968782
0.12,C,up,24,train,15,-0.0007499660611477888,-0.05780049615036115
0.25,C,up,168,train,8,0.0017211610338159766,0.04916074602247529
0.02,A,down,168,train,110,0.00038963001901760706,0.04591165592625764
0.08,C,up,72,train,24,-0.0005249537613527209,-0.033784910257367316
0.05,B,up,168,train,43,0.000523678864854093,0.03306029753195716
0.02,5,up,168,holdout,8,-0.0004505937579976499,-0.025420899057918195
0.02,4,down,72,train,17,-0.00030871100443560296,-0.016687622618910644
0.08,C,up,24,holdout,15,0.00010459173860009053,0.01547047844854941
0.12,B,down,72,holdout,10,-1.1183858383834178e-05,-0.0008170273388026272
