threshold_pct,direction,horizon,period,n,plain_mean,plain_t,stop_mean,stop_t,base_mean,base_t,beats_base,symbol
0.03,up,168,train,13,0.05546458938766455,1.9030767872659802,0.04886049800707707,1.5451859184786099,0.011250024419535888,1.3322017556185723,True,BNBUSDT
0.03,down,72,train,8,-0.02049590632285242,-1.4032864575574875,-0.02049590632285242,-1.4032864575574875,-0.002285571765164816,-0.43606193303306784,True,BNBUSDT
0.05,up,720,train,8,-0.03322212494707291,-0.848155364689233,-0.040619533904108746,-1.2297128683971204,0.014651475789923613,0.7410952409796506,True,BNBUSDT
0.03,up,336,train,13,0.06793433870417943,1.5150503235620563,0.05778024743302438,1.2181060722815908,0.014802474463802385,1.3383425512932974,False,BNBUSDT
0.03,down,720,train,8,-0.05775423864485772,-1.234615590277597,-0.04092291039918179,-1.200274155934559,0.0027603067496628085,0.18797887688811976,True,BNBUSDT
0.03,down,336,train,8,-0.04199599796294627,-1.2283417622902542,-0.040687833225850026,-1.1965130738800316,0.0012245894170825804,0.11791645918717972,True,BNBUSDT
0.02,down,720,train,18,-0.026967828904592223,-0.7717717436697407,-0.02589767699322871,-0.9137379655682911,0.001825172993712508,0.15735265453859218,True,BNBUSDT
0.02,up,336,train,20,0.04524934977072223,1.4603749633546605,0.024942738812046023,0.7762193602770596,0.010544620469562083,1.2540742160002791,False,BNBUSDT
0.02,down,336,train,18,-0.019533975551204293,-0.684045759108232,-0.019925450990465634,-0.7015499397942062,-0.002054817529416161,-0.23503087885994417,True,BNBUSDT
0.02,down,72,train,18,-0.009162258910211754,-0.6430162358571608,-0.009429067650250065,-0.6524949091673863,-0.005065867863421918,-1.1531189541602986,False,BNBUSDT
0.02,up,168,train,20,0.017623391503502027,0.9959689829591698,0.009762371947648141,0.5196216464695242,0.006240866575709966,0.9906801655175639,False,BNBUSDT
0.02,down,168,train,18,-0.01066855629782587,-0.5714641689818061,-0.00853739372251504,-0.4959424195060273,-0.004617982529537032,-0.75152346738256,False,BNBUSDT
0.02,up,72,train,20,-0.006157303614854831,-0.4920982667630558,-0.005851719576209752,-0.4616722365690945,-0.002262058013482887,-0.6169604685739078,False,BNBUSDT
0.05,up,72,train,8,-0.00697655420603123,-0.37584890161008677,-0.00697655420603123,-0.37584890161008677,0.0019243645269884987,0.33573798407012556,True,BNBUSDT
0.02,up,720,train,20,0.02697239973543537,0.6969687451011934,0.010002367287744873,0.2642212779701505,0.008255696027369913,0.6708202998766565,False,BNBUSDT
0.05,up,168,train,8,-0.0034560857166058973,-0.09283291567973914,-0.00980272595482072,-0.23828795714734732,0.009623817375857718,0.811095795729742,False,BNBUSDT
0.03,up,72,train,13,0.005420547196503337,0.3658399784339366,0.0034236912086111734,0.21305389380614714,-0.0004350897421946553,-0.09089123029653416,True,BNBUSDT
0.03,up,720,train,13,0.021438158156770883,0.5321430153635855,0.006517429018541867,0.16692959697448487,0.013307735492398347,0.8343097698986762,False,BNBUSDT
0.03,down,168,train,8,0.00410692138098416,0.1265321109235677,0.00410692138098416,0.1265321109235677,0.0018169544623886113,0.2397070588870914,False,BNBUSDT
0.05,up,336,train,8,0.02341909895703599,0.4887065399711727,0.002083687884981547,0.03819935462114254,0.01763174401024031,1.2126305570137719,False,BNBUSDT
0.02,down,72,train,13,-0.026381581574212717,-3.1551091765153307,-0.029489685646949135,-3.429309972425856,-0.0010318310993309803,-0.2989735794632811,True,BTCUSDT
0.03,up,72,train,10,-0.024594495777951142,-2.026801635575598,-0.024934016105963287,-2.047586605966012,-0.005039025723320096,-1.4496255948823495,True,BTCUSDT
0.03,down,72,train,12,-0.02919009105626762,-1.8945270244359578,-0.02849091808543817,-1.894995795192378,-0.0037938214683401143,-0.9873776513907436,True,BTCUSDT
0.02,down,168,train,13,-0.022875651404389886,-1.5215845919992743,-0.023228496269952714,-1.8631917662805748,0.003847137203419106,0.6520873280401581,True,BTCUSDT
0.03,down,720,train,12,-0.036628285036227136,-1.2030065780363361,-0.03193137151869586,-1.390731434418211,0.007136168382638059,0.5061409787198625,True,BTCUSDT
0.05,up,72,train,8,-0.003420200998030712,-0.5401057027356613,-0.006041329425820141,-1.0992998980370425,0.003944274271940948,0.692093182078544,True,BTCUSDT
0.03,down,336,train,12,-0.0374356282275925,-1.2706352857391716,-0.023924233356008306,-1.0094028539162068,0.005360946154149048,0.5878755219468953,True,BTCUSDT
0.03,up,168,train,10,-0.015195153118065519,-0.7932686289332584,-0.01814341903525918,-0.9469742240948478,-0.006045635090970817,-0.8077281126146018,True,BTCUSDT
0.02,down,720,train,13,0.05684713657935825,1.5845188898834577,0.024208245853082122,0.6943757059342748,0.019427488465107903,1.5751119441820645,False,BTCUSDT
0.05,up,336,train,8,0.035628815950289924,0.99586357222775,0.022788993524171713,0.6562093864760011,0.010493379090983284,0.7042558596530384,False,BTCUSDT
0.02,up,72,train,20,-0.010742536244380757,-0.8776538098921528,-0.007090680392729759,-0.6357876170361674,-0.0026871469192648913,-0.8327211920673597,False,BTCUSDT
0.03,up,720,train,10,0.014871082487390542,0.5433014679623382,-0.017107567919268374,-0.6154572038586609,0.008224231785894742,0.5631098634581867,True,BTCUSDT
0.05,up,168,train,8,0.018431110738419604,0.707691237811483,0.0156744261551761,0.5990596559973497,-0.002829395629261077,-0.25708104261348763,True,BTCUSDT
0.02,up,168,train,20,0.005409648163529501,0.2932564385786632,0.009644118680984849,0.5786237088764452,-9.837121350464564e-05,-0.01571189502473399,True,BTCUSDT
0.03,down,168,train,12,-0.010731510989585477,-0.4608301584261974,-0.008425626805279121,-0.40289645428379306,0.004812296239428981,0.7408021366283982,False,BTCUSDT
0.02,up,336,train,20,0.01778663215030727,1.13929591739473,0.0050015932417052265,0.31755286636504043,-0.0004459861861602451,-0.053480932100129074,True,BTCUSDT
0.05,up,720,train,8,0.022003710460294104,0.37773650646771095,0.014804461096919519,0.29840770441132103,0.014069387871971296,0.6619663506422173,False,BTCUSDT
0.02,up,720,train,20,0.0002650036230099351,0.00969434762650994,0.003663026011158854,0.16188194376900494,9.467870878911139e-05,0.007586179840198121,True,BTCUSDT
0.03,up,336,train,10,0.0194020974931819,1.0751314810615298,-0.0033269253132753086,-0.15960851268304127,-0.0004937733651946686,-0.04994150264043682,True,BTCUSDT
0.02,down,336,train,13,0.0009581269163800268,0.035687600902342326,-0.002599100846182901,-0.10694698534707141,0.01000566546450827,1.1992459423326995,False,BTCUSDT
0.12,down,72,train,8,-0.03702961929290609,-2.10344978119907,-0.03829266699286969,-2.2286693710473204,0.003151742759052873,0.22288231494601518,True,DOGEUSDT
0.02,down,72,train,40,-0.006406910156382289,-0.6100609491965538,-0.01586805526380501,-1.5739286837719013,0.011551266936107878,2.2810606895151824,False,DOGEUSDT
0.02,down,168,train,40,0.008005449686133929,0.49330636680850765,-0.022652396182816156,-1.5378769689296228,0.026165523016626765,3.3146411576627934,False,DOGEUSDT
0.02,down,336,train,40,0.004348587687891692,0.1932693545726168,-0.026384325294280652,-1.4548080044206924,0.030099702554733838,2.715644895762031,False,DOGEUSDT
0.02,up,720,train,22,0.13679960690228574,1.0937378909430926,0.17358644593898634,1.450952695082197,-0.01384955718677347,-0.7222228211650521,True,DOGEUSDT
0.03,up,720,train,17,0.20578330154999566,1.235050766545128,0.22506706867417758,1.398203872591697,-0.012576885125127417,-0.5615322120983988,True,DOGEUSDT
0.12,down,336,train,8,-0.03704940593044935,-1.2669878000147392,-0.04772747348585556,-1.1448384046914784,0.03950305528002756,1.521946800888292,False,DOGEUSDT
0.05,up,720,train,13,0.21356950515401266,1.2044238722307326,0.1970946108083585,1.1281930086166565,0.010323787014382505,0.34988312291427376,True,DOGEUSDT
0.03,up,336,train,17,0.10761014363693006,0.9794925121957041,0.12007900311945055,1.122459881625219,-0.0009264499953305025,-0.06360747883710098,True,DOGEUSDT
0.02,up,336,train,22,0.06759124725184125,0.7657136849570937,0.09349942110599158,1.1123486403690928,0.004502493173792463,0.31730729538543795,True,DOGEUSDT
0.03,down,336,train,31,-0.007462727191178952,-0.30936738723036594,-0.021578724336295495,-1.0600508625914082,0.02531641084482229,2.2118766799399636,False,DOGEUSDT
0.03,up,168,train,17,0.08571932475373494,0.8709155023295021,0.08470051586477159,0.8642692472825598,-0.0027356880369428078,-0.22939818345509394,True,DOGEUSDT
0.05,up,336,train,13,0.14045138204842914,1.1166566164001057,0.10593983915964067,0.8313338654408962,0.013395501396583354,0.6332339252094862,True,DOGEUSDT
0.12,down,168,train,8,-0.013518622722187137,-0.4617251262676399,-0.018650832475107335,-0.6567550222772753,0.01762425861747399,0.8388910366812601,False,DOGEUSDT
0.03,down,72,train,31,-0.0037161730339478967,-0.2948595953957876,-0.008507880343349487,-0.6322792020951604,0.003468918666198477,0.7545768668155566,False,DOGEUSDT
0.08,down,168,train,9,0.024112987098896817,0.5886863698090843,0.024112987098896817,0.5886863698090843,0.011300273379234844,0.7548190594120121,False,DOGEUSDT
0.05,down,168,train,23,0.017930860297115644,0.7700928981156533,0.013906888139856135,0.5726594165782195,0.02394849681940869,2.009209516048318,False,DOGEUSDT
0.08,down,72,train,9,-0.008320475787926817,-0.4961617405174901,-0.008320475787926817,-0.4961617405174901,-0.002990767255264611,-0.40587756665199926,True,DOGEUSDT
0.05,up,168,train,13,0.06541832383298617,0.648512001362093,0.04708676583077501,0.46582051228914145,0.003049417630584045,0.15831829344864973,True,DOGEUSDT
0.08,down,720,train,9,-0.0019387793093651462,-0.03517629100132107,-0.023645874935156994,-0.3669493919066266,0.0769415363489338,2.4897148314910704,False,DOGEUSDT
0.03,up,72,train,17,0.014038863752889659,0.4094901374181841,0.012004965106387084,0.3495284111355038,-0.008034027997294607,-1.3448110101689417,False,DOGEUSDT
0.02,up,168,train,22,0.002154928600658276,0.03443185093359779,0.02078911106948448,0.3469669962611461,-0.006184120889745427,-0.6271915495075471,False,DOGEUSDT
0.03,down,168,train,31,0.018186141966325654,0.8909312577466283,-0.006194184654408091,-0.3215760392651437,0.02296880398560588,2.706658419760424,False,DOGEUSDT
0.03,down,720,train,31,0.043766861987849,1.1096401300059497,0.010738642233661456,0.30938561475180437,0.0698136357875164,4.1399966254458676,False,DOGEUSDT
0.05,up,72,train,13,0.008997058738527715,0.30240207333390007,0.008857000024404269,0.3045708583684614,-0.0038800319112576,-0.4729766606090415,False,DOGEUSDT
0.05,down,720,train,23,0.047881527509489256,1.1949251176251938,0.012319927938093323,0.28262555012206964,0.057123631767151725,2.4790786418305575,False,DOGEUSDT
0.05,down,336,train,23,0.010612563188513698,0.3230351994403419,0.007560826954730728,0.23354870522297658,0.024571809134711037,1.5408076821863914,False,DOGEUSDT
0.02,down,720,train,40,0.052275610422258104,1.5213783102975578,-0.005655100900100777,-0.19516496070953074,0.0727275798978567,4.739768826517288,False,DOGEUSDT
0.08,down,336,train,9,0.02225650203205693,0.7093895978198149,0.008362162820455642,0.19447937337371216,0.03734234429745526,1.7426794701626571,False,DOGEUSDT
0.12,down,720,train,8,0.007588764657423391,0.15436748852749504,-0.008329960449614524,-0.1373359749916839,0.10070888929160227,2.9357302645086207,False,DOGEUSDT
0.02,up,72,train,22,-0.0010682400862789569,-0.04619234409593843,0.002074696138897204,0.09295594491531461,-0.007638334403412713,-1.5362996692257394,False,DOGEUSDT
0.05,down,72,train,23,0.0022259928324457287,0.13509031514089884,4.632039330850237e-05,0.0027519563999360216,0.004993811481699784,0.8619392931414774,False,DOGEUSDT
0.02,down,72,train,24,-0.03669689355080176,-3.589599378942047,-0.031862448801788866,-3.8745390043093453,-0.0012031075538621217,-0.2706950279140949,True,ETHUSDT
0.02,down,168,train,24,-0.023504276823494732,-1.6660316841163916,-0.03550996459642656,-3.7739871181807247,0.00569140798498544,0.8436362770317656,True,ETHUSDT
0.05,up,720,train,10,-0.0721647887514138,-2.352820121230104,-0.0699064196253804,-2.487125411042302,0.014752691591225353,0.5996388706727032,True,ETHUSDT
0.03,down,72,train,14,-0.03274019567430604,-2.2940200590738584,-0.031032127548604967,-2.2680720291580316,0.0036161711849893997,0.6635316531751145,True,ETHUSDT
0.05,up,336,train,10,-0.062334813782123924,-2.0496177031899974,-0.05811338964414614,-2.244808599493927,-0.00390037766729273,-0.25666448270082853,True,ETHUSDT
0.02,down,336,train,24,-0.02102078105148726,-0.9513646483527161,-0.03347911145236499,-1.653743587035019,0.020857376524276012,2.200391997397811,False,ETHUSDT
0.08,down,168,train,9,0.04888056655429666,1.0351592361420328,0.05645824225853661,1.326837366502256,0.0005994876861364118,0.04829447580869191,True,ETHUSDT
0.08,down,336,train,9,0.06181684894517034,1.1000661541491814,0.06879927665990408,1.3109724599483201,0.0064616789561098105,0.3752365690023462,True,ETHUSDT
0.05,down,168,train,13,0.044862137426406545,1.3856515132225202,0.04010771694339572,1.226640366149143,0.018854900288698274,1.8381446799999337,False,ETHUSDT
0.05,down,720,train,13,0.01611761257022643,0.20209131730142385,0.06367563274535173,0.9675561263156941,0.036283689500669625,1.6264580425942854,False,ETHUSDT
0.02,up,168,train,29,0.001363315322329507,0.08756509362205973,0.01176978918569922,0.9525893072659367,-0.003914352454409142,-0.6111900899544882,True,ETHUSDT
0.05,up,72,train,10,-0.015155857970327313,-0.9289462929321061,-0.015155857970327313,-0.9289462929321061,-0.008299046098597634,-1.2800875132952605,False,ETHUSDT
0.03,down,720,train,14,0.07004325388688569,0.8949275074658564,0.06847161215967977,0.9246974785509283,0.04066103373239479,2.3772016141843055,False,ETHUSDT
0.05,down,336,train,13,0.03339516206911008,0.7991117931264508,0.03254004163819365,0.8085765448470378,0.02463091551429631,1.7931811324737768,False,ETHUSDT
0.08,down,72,train,9,0.023804073414837985,0.6093577661074908,0.025897373500329415,0.6830036267904126,-0.006795738552981602,-0.7634320972617135,False,ETHUSDT
0.05,up,168,train,10,-0.021408231377733088,-0.7322468813710673,-0.017955943060432,-0.6710161220936777,-0.014245236770017178,-1.3731624069509112,False,ETHUSDT
0.02,up,336,train,29,0.0010946395118482828,0.0407250457488857,0.015324532669969873,0.635412139289708,-0.006100821923027334,-0.6604279378011049,False,ETHUSDT
0.03,up,720,train,15,-0.02130016586491789,-0.4485372347635256,-0.020053144094617323,-0.4314648295010989,-0.0033980494134660025,-0.19990888093180637,True,ETHUSDT
0.03,up,336,train,15,0.023843217170401623,0.5867946574391922,0.01790997828642514,0.42896779492799403,-0.0014142574626917696,-0.12960779408458203,True,ETHUSDT
0.03,up,72,train,15,-0.005548135485221224,-0.3738291187798519,-0.00540326119279461,-0.36617190994019866,-0.0019937806851526305,-0.4395617258136283,False,ETHUSDT
0.02,up,72,train,29,0.002629698795903368,0.3315191793205783,0.0026294750338414275,0.3312332485339601,-0.0003260442997909137,-0.08290012035654142,True,ETHUSDT
0.03,up,168,train,15,-0.010559396147133481,-0.442078873923757,-0.007443030956363709,-0.3302711507213837,-0.010689434960732208,-1.4134893414066916,False,ETHUSDT
0.02,down,720,train,24,0.04724028971058852,0.8663414400510937,0.013024028622313666,0.3211951515749591,0.03857447824755489,2.548372703630656,False,ETHUSDT
0.03,down,168,train,14,0.004389347540554026,0.23203377560974936,-0.005260234336803686,-0.25813328019371645,0.009679301514701442,1.2194267875759228,False,ETHUSDT
0.08,down,720,train,9,-0.06057977875373391,-0.7220110375045078,-0.01482585565865708,-0.22418609554158436,0.005668578655392437,0.18827268439057926,True,ETHUSDT
0.02,up,720,train,29,-0.008764212452580683,-0.31517792072737,-0.005433927100152071,-0.20400580494443213,-0.0024699383726446327,-0.16710245210834362,True,ETHUSDT
0.03,down,336,train,14,0.030749861964594727,0.6472495796055571,0.006069698531502053,0.12226021185433866,0.02073173389886662,1.8494758203794863,False,ETHUSDT
0.05,down,72,train,13,0.001070800824324758,0.0414422979571409,0.0023584923133320125,0.09289634471081948,0.00940520916009799,1.416681182036046,False,ETHUSDT
0.05,down,168,train,15,0.046458646717523894,1.85580141280945,0.03642514116419818,1.3202205552996291,0.005764600552635523,0.5282669772157983,True,LINKUSDT
0.05,up,72,train,11,-0.041863645808481585,-1.2583782586934222,-0.03954151123612206,-1.2765983732208104,0.0017948069780568778,0.2373890851322506,True,LINKUSDT
0.03,up,72,train,25,-0.020743456773421667,-1.1078163943405206,-0.023169603078199787,-1.263483517963418,0.0016202011385070682,0.2865439297862892,True,LINKUSDT
0.08,down,336,train,8,-0.03666020152544536,-1.0845067943420683,-0.03228139236535399,-1.0597567360618396,0.01025973141684062,0.5540088229729078,True,LINKUSDT
0.08,down,168,train,8,0.032225964442234536,1.054901911505588,0.032225964442234536,1.054901911505588,0.007383234656642833,0.5167441133814309,True,LINKUSDT
0.05,up,720,train,11,-0.05180415174996726,-0.8826163219175002,-0.035273513867294264,-0.7271938935563862,0.019639544405965853,0.8990026754139303,False,LINKUSDT
0.02,up,72,train,32,-0.008947973205136375,-0.6399362650230034,-0.009565805432235959,-0.712719228825858,0.0018195812674394963,0.36192924786611175,True,LINKUSDT
0.03,down,336,train,32,0.013523987293988866,0.4238937734817255,-0.014670649895908026,-0.585118476008201,0.0038702246807646888,0.3299384317407136,True,LINKUSDT
0.05,up,168,train,11,-0.03382894553985929,-0.7296784412039907,-0.020103077752216394,-0.5056423073855926,-0.00036801810972335064,-0.035884430564578344,True,LINKUSDT
0.05,down,336,train,15,0.026051402649967793,0.8162716645249083,0.01576412132646451,0.48656684319849736,0.005473164830233699,0.3738875520199285,True,LINKUSDT
0.03,up,168,train,25,-0.010688617295008349,-0.394553386435422,-0.01180645961054612,-0.4721743903010651,0.007206252788737677,0.8813568428380679,False,LINKUSDT
0.03,down,720,train,32,0.01586765002764055,0.4392999510535455,-0.013284187669120512,-0.4704828409578399,0.02932670225690678,1.8073469944816714,False,LINKUSDT
0.03,down,72,train,32,0.010325976651366205,0.6921608024773022,-0.005918567250290087,-0.45262172671485323,0.00250333374425254,0.4302019711636439,True,LINKUSDT
0.05,down,72,train,15,-0.010656689241363707,-0.4419612311532303,-0.009997355789248475,-0.4156456375903166,0.001765301680544443,0.23322320032699387,True,LINKUSDT
0.08,down,720,train,8,-0.04567275242240569,-0.6156375716376243,-0.02610772633379818,-0.3829851145441635,0.0434783648771256,1.7207974466175706,False,LINKUSDT
0.02,down,168,train,39,0.025793271484162234,1.0621333512921651,0.006986197949264017,0.32041344675204986,0.0059368654328533325,0.7765885256753429,False,LINKUSDT
0.02,down,720,train,39,0.03289881806484582,0.8678462458490669,0.010457246738868654,0.319009257854458,0.034787770347466176,2.2854647354548696,False,LINKUSDT
0.02,up,720,train,32,0.0026340287842481006,0.05744840738103695,0.009418811299584058,0.31600084884821583,0.00929059856776653,0.5965496944167828,False,LINKUSDT
0.03,down,168,train,32,0.028496674362649646,0.970275957251158,0.00658634840191916,0.24949303927790112,0.0015545777258843777,0.1750606133504657,True,LINKUSDT
0.05,up,336,train,11,-0.018159709482671274,-0.398205313637017,-0.007603959996236289,-0.2231097906300954,0.018968588717806517,1.3189634896863498,False,LINKUSDT
0.02,up,168,train,32,-0.010337590347488802,-0.46895692538200273,-0.00402921792244363,-0.20974117907749334,0.0031233541104592794,0.43005345455575505,False,LINKUSDT
0.03,up,720,train,25,-0.006433889769006558,-0.1263915038082187,-0.007025716767830645,-0.20240920768143186,0.00736412647849893,0.4366218712719584,False,LINKUSDT
0.02,down,72,train,39,0.010052501741608167,0.7770362934982016,-0.002132826695045576,-0.18729651692316637,0.004747917316062204,0.9600960302124323,False,LINKUSDT
0.02,up,336,train,32,-0.013024760132132836,-0.4240228690477396,0.0027593203592451397,0.10949868315023084,0.005774165597218156,0.5789974129373062,False,LINKUSDT
0.05,down,720,train,15,0.0047395526090394215,0.09800994130393573,-0.003538151307518126,-0.08557759574575119,0.021841366288179353,1.1181616008277786,False,LINKUSDT
0.08,down,72,train,8,-0.001698773775729287,-0.06059438667891265,-0.001698773775729287,-0.06059438667891265,-0.0023055805695102473,-0.23885417938025355,False,LINKUSDT
0.02,down,336,train,39,0.022616122687539895,0.8292080844758221,0.0008038170316843546,0.03712994535540949,0.012714756430688366,1.1946816657655173,False,LINKUSDT
0.03,up,336,train,25,0.0024334965831949297,0.06654485769318656,-0.0010472820297925667,-0.03348992321888407,0.012644091056003545,1.1277670038434693,False,LINKUSDT
0.05,down,720,train,20,0.16081919642999956,2.0100622299595954,0.17673170479682368,2.347730789025764,0.08504336225812549,2.813474874052473,False,SOLUSDT
0.03,down,168,train,23,-0.01764280363575532,-0.7656709663243154,-0.0422006523092527,-2.222855753181282,0.027425751023347406,2.0895778105941805,True,SOLUSDT
0.05,up,72,train,16,-0.020513253163276193,-1.8223868343860912,-0.022816163503232387,-1.9024651398026327,-0.002585493576631966,-0.34917144368875097,True,SOLUSDT
0.03,down,72,train,23,-0.014738358863674927,-0.9678401234648656,-0.028139951733495098,-1.7125405636755227,0.009157965981491031,1.0907156586297024,True,SOLUSDT
0.08,down,720,train,8,0.2357652064832313,1.3605388136363012,0.2683419278287526,1.6546788469193643,0.11512034618288314,2.9694058151262657,False,SOLUSDT
0.08,down,336,train,8,0.12593256478349402,1.416993340789625,0.13142448945700447,1.468060054833599,0.05567338980068596,1.9429165872784895,False,SOLUSDT
0.02,down,72,train,32,-0.007760849376833058,-0.5864246475595718,-0.021557736987927647,-1.454786281709327,0.011261451785430908,1.5712282673481353,False,SOLUSDT
0.08,down,168,train,8,0.1725006511465299,1.4270971167764783,0.17095122484880504,1.4105550367939592,0.046106453879470675,1.7656639440742017,False,SOLUSDT
0.02,up,720,train,37,0.08546667507170093,1.7129452406036358,0.060900211586645256,1.3969607534425539,0.019990790480704502,0.9742091279353257,True,SOLUSDT
0.05,down,168,train,20,0.07316770609715621,1.3559158151185295,0.06802157469343606,1.2473907433114033,0.034105578765864585,1.85585605565042,False,SOLUSDT
0.05,up,720,train,16,0.16713218452816864,1.3305342338846387,0.15313337893251483,1.2108689031831184,0.023296083323894514,0.8273140534913201,True,SOLUSDT
0.08,down,72,train,8,0.07673872198879984,1.3230108203037287,0.07085271206570855,1.2058873289725547,0.0372480903164652,1.8589194535858908,False,SOLUSDT
0.05,down,336,train,20,0.07119390080394264,1.6633467821346684,0.050454780373696995,1.1152378911861331,0.03313651727040118,1.6735260842035449,False,SOLUSDT
0.05,up,336,train,16,0.0643370123230973,1.3122013762730365,0.05512889222099354,1.0897192827589324,0.0016934122768695685,0.09827090301903006,True,SOLUSDT
0.03,up,720,train,27,0.06585334195708799,1.1483603045438502,0.05369002988440359,1.0865528620430025,0.018803563627451475,0.8626946965217843,True,SOLUSDT
0.02,down,720,train,32,0.19538920623943326,2.825601355358575,0.06280383400878528,1.0790090961238474,0.07221311520242556,3.424305101023459,False,SOLUSDT
0.03,down,720,train,23,0.1855440134455955,2.509705908235778,0.06241211551999909,1.0055019505811051,0.06886102780725097,2.981176295737809,False,SOLUSDT
0.05,down,72,train,20,0.013914463405009559,0.781868903647955,0.01654264470566593,0.9930656502695208,0.012654475648263353,1.073023134115233,False,SOLUSDT
0.03,up,72,train,27,-0.004868441683304005,-0.37881046909910226,-0.010547623042247307,-0.8152974007118745,0.003698134515361898,0.609850605342303,True,SOLUSDT
0.02,down,168,train,32,-0.0017488712230322237,-0.07444781774770581,-0.01755715883677784,-0.8057704948165761,0.020578558452889664,2.0028957676036097,False,SOLUSDT
0.03,up,168,train,27,-0.021631887458029783,-0.7181975293299365,-0.013197893868488698,-0.5526880628001917,0.0038226410563669453,0.37140994804914945,True,SOLUSDT
0.03,down,336,train,23,0.05312236873878766,1.497246266254725,-0.015688687319392644,-0.47890886464835913,0.026267394052843382,1.6471517173822323,False,SOLUSDT
0.05,up,168,train,16,0.02251781431651998,0.5873114195367996,0.01738190936497907,0.44484515760018034,-0.00014907166039342847,-0.013100276414814175,True,SOLUSDT
0.02,up,336,train,37,0.03790137176935414,1.2138897016422443,0.011161004327812135,0.40806389477893545,0.011655611646796266,0.9259673237623391,False,SOLUSDT
0.03,up,336,train,27,0.020550470694219333,0.5160925156585735,0.012601539598719166,0.3815232082723987,0.012207595356987438,0.818900443306858,False,SOLUSDT
0.02,up,168,train,37,0.019897273545244537,0.9283071846031254,0.0052780547347882865,0.25362203374525205,0.008247501654547688,0.9003871566466277,False,SOLUSDT
0.02,up,72,train,37,0.0005425334903482046,0.04219030281358575,-0.0028583147996069976,-0.22614000016106944,0.0025496987544303996,0.46704258601529913,False,SOLUSDT
0.02,down,336,train,32,0.0522869074998451,1.6023461376788188,-0.003913689861161078,-0.12088183522263737,0.026634199020408308,1.8375877861743644,False,SOLUSDT
0.03,up,168,train,21,0.058558644442591505,1.4433146235727847,0.06291521797268172,1.5817406393074598,0.017781394982908327,1.7375508575340108,False,XRPUSDT
0.05,down,72,train,14,0.02461097404592861,1.5392120305239723,0.02461097404592861,1.5392120305239723,0.003647124193748183,0.5097292912457255,True,XRPUSDT
0.05,down,168,train,14,0.06169054790042624,1.3358091302409125,0.06714408265539422,1.5217955002675425,-0.0017392768427593075,-0.1422231048062503,True,XRPUSDT
0.02,up,168,train,25,0.054474178225199454,1.412777057529696,0.04936361179936616,1.2631091162317434,0.01487993958731815,1.7543596452628545,False,XRPUSDT
0.02,up,336,train,25,0.08675184105409249,1.1441070429730569,0.09189705528628465,1.220058316967038,0.03022675123796175,2.2129793108210323,False,XRPUSDT
0.03,up,336,train,21,0.09353427716759251,1.1739278817047423,0.08105988556584952,0.9896702767926508,0.03242606662924461,2.018773078977199,False,XRPUSDT
0.02,up,720,train,25,0.09167859488204119,0.9315107815087464,0.08381318674065075,0.852763968708418,0.03673282416250404,1.5532551607937832,False,XRPUSDT
0.02,down,720,train,29,0.009692169166640117,0.2891329625164971,-0.022631830263962385,-0.7701091079049721,0.01512847843816811,1.1085188302474065,False,XRPUSDT
0.05,down,336,train,14,0.01849758200772909,0.41226810460668156,0.029268532341291627,0.7314566062704033,0.0013015002198677001,0.09518090149980989,True,XRPUSDT
0.02,up,72,train,25,0.017594494159600318,0.710566211473979,0.017278344381482194,0.6956999899123802,0.0028744365445673,0.4972030748166216,True,XRPUSDT
0.02,down,72,train,29,-0.005448559093264398,-0.4993815108365852,-0.007464060818248827,-0.676165980141615,-0.004362230690149244,-0.9539787681144585,False,XRPUSDT
0.05,down,720,train,14,0.04064734513611053,0.850867248186443,0.02965160744743317,0.6168982671721209,0.025940408021810572,1.2916893993072036,False,XRPUSDT
0.03,down,720,train,27,-0.01701670895145671,-0.44929104413104803,-0.018900055760253883,-0.6166795851947233,0.016184656764971043,1.0231384234794085,False,XRPUSDT
0.02,down,336,train,29,0.0072820851180063284,0.289195227662085,-0.014497039282415284,-0.6021689104479429,-0.00737057836590127,-0.7787502434637574,False,XRPUSDT
0.03,up,72,train,21,0.010403855738749235,0.474328955767929,0.012377417120548486,0.5751177097386412,0.003758037923164127,0.5447802066782225,True,XRPUSDT
0.03,up,720,train,21,0.0354179315779742,0.565588335059125,0.03364101380440382,0.5355116745748312,0.042187831128128205,1.4908196889869068,False,XRPUSDT
0.05,up,720,train,9,-0.016438199992986013,-0.2589338714852873,-0.02751715685422809,-0.4160169025295806,0.032670691231103326,1.1115399204438146,False,XRPUSDT
0.05,up,168,train,9,0.02431070815764263,0.3192718030516826,0.028151299254261297,0.37444918293612933,0.0020217306880561015,0.16306177694530427,True,XRPUSDT
0.03,down,168,train,27,0.007887556732649046,0.3208054618637906,0.008897363790965297,0.37001392213301754,-0.007351652049776094,-0.7959163629915654,False,XRPUSDT
0.02,down,168,train,29,0.0008055054841679198,0.03357658315184873,-0.007604566119448064,-0.3212650882477777,-0.005650267681070946,-0.7610108417844488,False,XRPUSDT
0.03,down,72,train,27,-0.004746935833254654,-0.4615738801879294,-0.0022605305991440813,-0.23590192566400636,-0.0018767865331272998,-0.3211789950898945,False,XRPUSDT
0.05,up,336,train,9,0.04345912254542407,0.5597285257779571,0.014942971943426888,0.18170474190207236,0.023154102343714726,1.1327466492059035,False,XRPUSDT
0.05,up,72,train,9,0.0038688208562649923,0.09286991407664058,0.0038688208562649923,0.09286991407664058,-0.007006164931345764,-1.0923311260102078,False,XRPUSDT
0.03,down,336,train,27,-0.002737924995203517,-0.09747982704503529,-0.00197898070142371,-0.08165268411029236,-0.006943367138581366,-0.636343064462873,False,XRPUSDT
