pilot_id,symbol,entry_ts,ret,profitable
T001,DOGEUSDT,2024-11-24 00:00:00+00:00,-0.08917806566388886,False
T002,BTCUSDT,2025-07-09 06:00:00+00:00,0.0825962170689678,True
T003,BTCUSDT,2022-07-23 00:00:00+00:00,-0.01190032413813591,False
T004,BNBUSDT,2025-02-24 00:00:00+00:00,-0.06315774849434197,False
T005,ETHUSDT,2025-08-12 19:00:00+00:00,0.01946521434039261,True
T006,ETHUSDT,2024-07-18 00:00:00+00:00,-0.003785817642007583,False
T007,ETHUSDT,2024-01-02 00:00:00+00:00,-0.08297716905108288,False
T008,ETHUSDT,2021-10-25 00:00:00+00:00,0.02341343760604664,True
T009,BNBUSDT,2024-11-24 00:00:00+00:00,-0.08609581187856474,False
T010,BTCUSDT,2024-11-24 00:00:00+00:00,0.03858949312975768,True
T011,BNBUSDT,2022-10-27 00:00:00+00:00,0.02151349497481614,True
T012,XRPUSDT,2024-11-24 00:00:00+00:00,-0.0935571965722718,False
T013,BTCUSDT,2024-03-17 00:00:00+00:00,-0.09297437575504053,False
T014,DOGEUSDT,2022-10-27 00:00:00+00:00,0.15805113254092862,True
T015,SOLUSDT,2025-05-27 19:00:00+00:00,-0.08999581183929595,False
T016,BTCUSDT,2022-10-06 00:00:00+00:00,-0.03636013612361555,False
T017,BTCUSDT,2022-08-10 00:00:00+00:00,0.05414346201479536,True
T018,BTCUSDT,2024-09-18 00:00:00+00:00,0.03130728822519968,True
T019,ETHUSDT,2023-12-20 00:00:00+00:00,0.051821293433659266,True
T020,ETHUSDT,2024-03-12 00:00:00+00:00,-0.02168048985484694,False
T021,XRPUSDT,2023-05-29 00:00:00+00:00,0.07100131530301468,True
T022,DOGEUSDT,2023-01-22 00:00:00+00:00,0.03534101815406654,True
T023,BTCUSDT,2022-07-27 00:00:00+00:00,0.07235003538902984,True
T024,DOGEUSDT,2021-10-05 00:00:00+00:00,-0.08427790421227643,False
T025,ETHUSDT,2023-10-08 00:00:00+00:00,-0.03806749854437841,False
T026,BNBUSDT,2024-03-14 00:00:00+00:00,-0.023761099705725153,False
T027,BNBUSDT,2022-03-17 00:00:00+00:00,0.038655253134804335,True
T028,BNBUSDT,2023-08-09 00:00:00+00:00,-0.02063189665147236,False
T029,SOLUSDT,2025-04-23 00:00:00+00:00,0.1624915106526792,True
T030,ETHUSDT,2023-12-25 00:00:00+00:00,-1.7357918887572765e-05,False
T031,XRPUSDT,2021-12-28 00:00:00+00:00,-0.0639234045395285,False
T032,DOGEUSDT,2022-10-06 00:00:00+00:00,-0.03773996920029632,False
T033,ETHUSDT,2025-08-20 00:00:00+00:00,0.11097230216474929,True
T034,LINKUSDT,2023-01-30 00:00:00+00:00,-0.0831435942439217,False
T035,BTCUSDT,2021-08-07 00:00:00+00:00,0.07405352343164329,True
T036,LINKUSDT,2021-10-01 00:00:00+00:00,0.09368372352949272,True
T037,LINKUSDT,2023-01-24 00:00:00+00:00,-0.06019016744582195,False
T038,ETHUSDT,2022-09-11 00:00:00+00:00,-0.04961951095571793,False
T039,BNBUSDT,2023-04-23 00:00:00+00:00,-0.054509250338643955,False
T040,SOLUSDT,2023-10-02 00:00:00+00:00,-0.008721383879278455,False
