period,cap,n_trades,win_rate,total_ret,max_dd,ratio,avg_stake
2021-07-05..2025-11-30,1,166,0.4457831325301205,2.303226936264105,-0.6232118482922215,3.6957367588174144,13453.700670784645
2021-07-05..2025-11-30,2,292,0.4452054794520548,1.8269842008296777,-0.4994974728826995,3.657644532785697,8210.886733690979
2021-07-05..2025-11-30,3,388,0.45103092783505155,3.22001822358967,-0.4863216476068685,6.621169835714696,6256.747315004972
2021-07-05..2025-11-30,4,455,0.44835164835164837,4.278751481151275,-0.41003722434550943,10.435031814442956,4933.490968258595
2021-07-05..2025-11-30,5,533,0.450281425891182,3.029075110910914,-0.47960889724205463,6.315719179375784,3358.361224688718
2021-07-05..2025-11-30,7,658,0.45896656534954405,3.4407676425672804,-0.4553313459103087,7.556623705948511,2484.8859500334333
2025-12-01..2026-09-15,1,38,0.5789473684210527,0.6828519622514337,-0.15531409941977295,4.396587076140881,12701.774850675327
2025-12-01..2026-09-15,2,65,0.6,0.5566795174360384,-0.14765902959748975,3.7700336982676617,6069.705737061339
2025-12-01..2026-09-15,3,89,0.5955056179775281,0.38196337221079535,-0.14660634016622798,2.6053673516282476,3725.9528212032624
2025-12-01..2026-09-15,4,106,0.5754716981132075,0.3477648037207859,-0.13130306439505388,2.6485657842261756,2762.6844398872613
2025-12-01..2026-09-15,5,119,0.5630252100840336,0.24728773223566813,-0.12856432102754553,1.9234553588369634,2133.5307253559345
2025-12-01..2026-09-15,7,143,0.5314685314685315,0.1524531824483042,-0.11643851052944795,1.3093020664305726,1502.7304873259402
