entry_ts,exit_ts,entry_price,exit_price,hours_held,gross_ret,ret,worst_intratrade_dd,symbol
2021-07-09 00:00:00+00:00,2021-07-10 00:00:00+00:00,32386.63,34044.18,24.0,0.05118007029443938,0.04907981041373133,0.0,BTCUSDT
2021-07-14 00:00:00+00:00,2021-07-15 00:00:00+00:00,32430.35,32960.03,24.0,0.016332848704993942,0.0143022136426465,-0.02124583915992273,BTCUSDT
2021-07-31 00:00:00+00:00,2021-08-03 04:00:00+00:00,41889.1,38309.45,76.0,-0.08545540486665987,-0.08728266679499808,-0.08545540486665981,BTCUSDT
2021-08-07 00:00:00+00:00,2021-09-10 00:00:00+00:00,43272.0,46569.49,816.0,0.07620378073581063,0.07405352343164329,-0.0038484470327232456,BTCUSDT
2021-09-16 00:00:00+00:00,2021-09-17 00:00:00+00:00,47877.39,47476.17,24.0,-0.008380156061138696,-0.010361414490586918,-0.01547264794509473,BTCUSDT
2021-10-05 00:00:00+00:00,2021-11-20 00:00:00+00:00,49515.67,58243.65,1104.0,0.17626702819531684,0.17391684432279897,-0.007384934910504071,BTCUSDT
2022-02-16 00:00:00+00:00,2022-02-17 00:00:00+00:00,44181.35,44056.88,24.0,-0.0028172520758193483,-0.004809625198544665,-0.015888378241045165,BTCUSDT
2022-02-18 00:00:00+00:00,2022-02-19 00:00:00+00:00,40565.68,40201.44,24.0,-0.008979018717299893,-0.010959080617964356,-0.018175216093998747,BTCUSDT
2022-03-02 00:00:00+00:00,2022-03-03 00:00:00+00:00,44272.5,43974.43,24.0,-0.006732621830707543,-0.00871717203683986,-0.016844994070811414,BTCUSDT
2022-03-17 00:00:00+00:00,2022-03-19 00:00:00+00:00,41019.95,41869.01,48.0,0.020698708799011336,0.018659350739473002,-0.01666457418890066,BTCUSDT
2022-03-24 00:00:00+00:00,2022-03-26 00:00:00+00:00,43032.3,44148.44,48.0,0.025937261080630117,0.023887436383166483,-0.0072375866500280495,BTCUSDT
2022-03-28 00:00:00+00:00,2022-04-02 00:00:00+00:00,46922.48,46897.38,120.0,-0.000534924837732486,-0.0025318580548397973,-0.05380960256150158,BTCUSDT
2022-07-23 00:00:00+00:00,2022-07-24 00:00:00+00:00,22772.29,22546.34,24.0,-0.00992214660888302,-0.01190032413813591,-0.03224664713122838,BTCUSDT
2022-07-27 00:00:00+00:00,2022-07-28 00:00:00+00:00,21204.78,22784.47,24.0,0.0744968823067253,0.07235003538902984,-0.006047221428375993,BTCUSDT
2022-08-04 00:00:00+00:00,2022-08-05 00:00:00+00:00,23008.74,22632.01,24.0,-0.016373343346919613,-0.018338631372200487,-0.02420645372149899,BTCUSDT
2022-08-10 00:00:00+00:00,2022-08-11 00:00:00+00:00,22769.46,24050.33,24.0,0.05625385933614599,0.05414346201479536,0.0,BTCUSDT
2022-10-06 00:00:00+00:00,2022-10-08 00:00:00+00:00,20264.63,19566.9,48.0,-0.03443092718692616,-0.03636013612361555,-0.04251693714615068,BTCUSDT
2022-10-27 00:00:00+00:00,2022-10-29 00:00:00+00:00,20755.28,20623.19,48.0,-0.006364163721231424,-0.008349450107402623,-0.03250064561884969,BTCUSDT
2022-11-02 00:00:00+00:00,2022-11-04 00:00:00+00:00,20515.51,20280.73,48.0,-0.011444024545331744,-0.013419161359426779,-0.01986350814578819,BTCUSDT
2022-12-14 00:00:00+00:00,2022-12-15 00:00:00+00:00,17816.99,17792.41,24.0,-0.0013795820730663118,-0.003374827663329749,-0.002738397450972374,BTCUSDT
2023-01-15 00:00:00+00:00,2023-01-17 00:00:00+00:00,20762.69,21108.75,48.0,0.016667397143626445,0.014636093652830251,-0.007198007579942489,BTCUSDT
2023-01-19 00:00:00+00:00,2023-01-20 00:00:00+00:00,20694.96,21053.59,24.0,0.01732934009053417,0.01529671403640731,0.0,BTCUSDT
2023-01-22 00:00:00+00:00,2023-01-23 00:00:00+00:00,22875.55,22746.37,24.0,-0.005647077338031229,-0.007633796464228904,-0.018482178570569885,BTCUSDT
2023-01-24 00:00:00+00:00,2023-01-25 00:00:00+00:00,22983.96,22652.05,24.0,-0.014440940551584664,-0.01641008952151146,-0.015400740342395247,BTCUSDT
2023-01-26 00:00:00+00:00,2023-01-28 00:00:00+00:00,23239.88,23151.49,48.0,-0.003803375921046039,-0.005793778766358559,-0.02567483136745974,BTCUSDT
2023-02-16 00:00:00+00:00,2023-02-26 00:00:00+00:00,24587.99,23099.99,240.0,-0.06051735013720112,-0.06239443834871505,-0.06764603369368549,BTCUSDT
2023-03-03 00:00:00+00:00,2023-03-04 00:00:00+00:00,23417.74,22368.2,24.0,-0.044818159224587886,-0.04672661445091231,-0.05381774671680528,BTCUSDT
2023-03-14 00:00:00+00:00,2023-03-17 00:00:00+00:00,24164.8,24916.8,72.0,0.031119645103621797,0.029059465992525846,-0.0026306859564324547,BTCUSDT
2023-03-18 00:00:00+00:00,2023-04-22 00:00:00+00:00,27616.65,27226.14,840.0,-0.014140382703912387,-0.016110132189019244,-0.03406423298988115,BTCUSDT
2023-05-29 00:00:00+00:00,2023-05-31 00:00:00+00:00,28189.73,27753.25,48.0,-0.015483653089263345,-0.017450718717456626,-0.02083844009857494,BTCUSDT
2023-06-21 00:00:00+00:00,2023-07-23 00:00:00+00:00,28414.69,29773.98,768.0,0.04783757978707496,0.04574399820907882,0.0,BTCUSDT
2023-08-09 00:00:00+00:00,2023-08-12 00:00:00+00:00,29785.95,29451.62,72.0,-0.011224419566943533,-0.013199995152224253,-0.014987267486851974,BTCUSDT
2023-09-14 00:00:00+00:00,2023-09-16 00:00:00+00:00,26523.96,26633.82,48.0,0.004141915460587355,0.002135637907219712,-0.01329401793698981,BTCUSDT
2023-09-21 00:00:00+00:00,2023-09-23 00:00:00+00:00,27045.99,26603.94,48.0,-0.016344382291053235,-0.01830972818058163,-0.023168314415556668,BTCUSDT
2023-09-29 00:00:00+00:00,2023-09-30 00:00:00+00:00,27069.98,26938.0,24.0,-0.004875511544522736,-0.006863772260717327,-0.008422983688942454,BTCUSDT
2023-10-06 00:00:00+00:00,2023-10-07 00:00:00+00:00,27459.27,27915.98,24.0,0.016632270267927702,0.014601036960699254,-0.0077675043801237464,BTCUSDT
2023-10-09 00:00:00+00:00,2023-10-10 00:00:00+00:00,27822.34,27553.98,24.0,-0.009645486325017974,-0.011624216622070693,-0.0150519330868647,BTCUSDT
2023-10-11 00:00:00+00:00,2023-10-13 00:00:00+00:00,27462.91,26831.99,48.0,-0.02297353048165683,-0.024925631319855257,-0.030297954586749887,BTCUSDT
2023-10-17 00:00:00+00:00,2023-10-19 00:00:00+00:00,28281.57,28388.99,48.0,0.003798233266399351,0.0017926423907423938,-0.00337286791362712,BTCUSDT
2023-10-21 00:00:00+00:00,2024-01-28 00:00:00+00:00,29633.81,41990.91,2376.0,0.41699329245885025,0.4141621370293622,-0.004891709840887937,BTCUSDT
2024-01-30 00:00:00+00:00,2024-03-05 00:00:00+00:00,43168.27,68029.0,840.0,0.5759028564267228,0.5727541993709255,-0.027448864640626014,BTCUSDT
2024-03-06 00:00:00+00:00,2024-03-09 00:00:00+00:00,63440.88,68087.82,72.0,0.0732483534276323,0.07110400107313164,-0.009909068096154994,BTCUSDT
2024-03-10 00:00:00+00:00,2024-03-13 00:00:00+00:00,68343.08,71411.58,72.0,0.044898473993270425,0.042810764754522834,-0.0036265559000268066,BTCUSDT
2024-03-14 00:00:00+00:00,2024-03-15 00:00:00+00:00,72835.08,71913.62,24.0,-0.012651321313850501,-0.014624045946590059,-0.04682153160262881,BTCUSDT
2024-03-17 00:00:00+00:00,2024-04-30 19:00:00+00:00,65239.22,59292.11,1075.0,-0.091158508639435,-0.09297437575504053,-0.09115850863943498,BTCUSDT
2024-07-16 00:00:00+00:00,2024-08-04 15:00:00+00:00,64616.17,59084.81,471.0,-0.08560334046415936,-0.08743030681687824,-0.0856033404641594,BTCUSDT
2024-08-24 00:00:00+00:00,2024-08-27 00:00:00+00:00,63969.6,62714.34,72.0,-0.019622758310197375,-0.02158155399788908,-0.01962275831019733,BTCUSDT
2024-09-18 00:00:00+00:00,2024-09-19 00:00:00+00:00,60231.69,62241.74,24.0,0.03337196748090574,0.03130728822519968,-0.01331226136938879,BTCUSDT
2024-09-20 00:00:00+00:00,2024-09-21 00:00:00+00:00,62762.52,63169.98,24.0,0.006492091139744013,0.004481117930673628,-0.0009467433748676646,BTCUSDT
2024-09-25 00:00:00+00:00,2024-10-03 00:00:00+00:00,64136.48,60984.48,192.0,-0.04914519786555171,-0.051045007660026065,-0.06150586998226293,BTCUSDT
2024-10-15 00:00:00+00:00,2024-11-01 07:00:00+00:00,65932.14,69275.04,415.0,0.05070213100924669,0.04860282605218558,-0.008614766637333404,BTCUSDT
2024-11-01 11:00:00+00:00,2024-11-18 00:00:00+00:00,70012.8,89935.59,397.0,0.2845592520224872,0.28199270007039456,-0.04132730015082964,BTCUSDT
2024-11-24 00:00:00+00:00,2024-12-05 06:00:00+00:00,97916.21,101898.34,270.0,0.040668751374261625,0.03858949312975768,-0.07017316131823337,BTCUSDT
2024-12-05 10:00:00+00:00,2024-12-18 00:00:00+00:00,102288.85,106093.28,302.0,0.037193007840052875,0.03512069413807484,-0.07646033756367387,BTCUSDT
2024-12-19 00:00:00+00:00,2024-12-20 11:00:00+00:00,100837.48,92717.72,35.0,-0.08052323401973151,-0.08236035043527634,-0.0805232340197315,BTCUSDT
2025-04-14 00:00:00+00:00,2025-04-16 00:00:00+00:00,84331.6,83143.6,48.0,-0.014087246061974396,-0.016057101714198052,-0.014087246061974423,BTCUSDT
2025-04-18 00:00:00+00:00,2025-04-19 00:00:00+00:00,84811.1,84434.4,24.0,-0.0044416355877946595,-0.006430763189017696,-0.00516559742769529,BTCUSDT
2025-07-09 06:00:00+00:00,2025-07-13 11:00:00+00:00,108845.1,118071.2,101.0,0.08476357686289958,0.0825962170689678,-0.0015737961561889113,BTCUSDT
2025-07-13 15:00:00+00:00,2025-08-13 07:00:00+00:00,118674.2,119571.8,736.0,0.007563564784932242,0.00555045076937799,-0.054242623923312694,BTCUSDT
2025-08-13 11:00:00+00:00,2025-08-25 19:00:00+00:00,120551.4,110703.5,296.0,-0.08169046564370049,-0.0835252499281286,-0.08169046564370053,BTCUSDT
2025-09-11 00:00:00+00:00,2025-09-15 00:00:00+00:00,113879.6,115073.1,96.0,0.010480366984077921,0.008461425191902183,-0.00045311012683579843,BTCUSDT
2025-09-17 00:00:00+00:00,2025-09-19 00:00:00+00:00,116566.6,117422.7,48.0,0.007344299310437048,0.00533162338773896,-0.011385765733923914,BTCUSDT
2025-10-02 00:00:00+00:00,2025-10-14 00:00:00+00:00,118435.2,114968.9,288.0,-0.029267481289346437,-0.031207006801255877,-0.07421780011347978,BTCUSDT
2021-07-05 12:00:00+00:00,2021-07-12 17:00:00+00:00,2210.56,2030.88,173.0,-0.08128257093225238,-0.08311817019112877,-0.08128257093225244,ETHUSDT
2021-07-31 00:00:00+00:00,2021-08-04 00:00:00+00:00,2455.67,2516.56,96.0,0.024795676943563213,0.022748133133486226,-0.007867506627519227,ETHUSDT
2021-08-08 00:00:00+00:00,2021-08-09 00:00:00+00:00,3163.04,2932.23,24.0,-0.07297093934948655,-0.07482314526487199,-0.07297093934948651,ETHUSDT
2021-08-09 04:00:00+00:00,2021-09-01 00:00:00+00:00,2954.55,3399.85,548.0,0.15071669120509035,0.1484175569569286,-0.010363676363574936,ETHUSDT
2021-09-02 00:00:00+00:00,2021-09-07 00:00:00+00:00,3781.63,3898.19,120.0,0.030822687571232497,0.028763101781879463,-0.013393695311281095,ETHUSDT
2021-09-08 00:00:00+00:00,2021-09-10 00:00:00+00:00,3458.18,3450.76,48.0,-0.0021456373005452633,-0.004139352310933764,-0.057478211082129915,ETHUSDT
2021-09-16 00:00:00+00:00,2021-09-17 00:00:00+00:00,3583.89,3536.36,24.0,-0.01326212579069105,-0.01523363003486533,-0.025039831021599346,ETHUSDT
2021-10-05 00:00:00+00:00,2021-10-24 00:00:00+00:00,3403.34,4141.31,456.0,0.21683698954556413,0.21440574680920932,-0.011988223333548875,ETHUSDT
2021-10-25 00:00:00+00:00,2021-10-26 00:00:00+00:00,4133.56,4238.81,24.0,0.025462313357009454,0.02341343760604664,-0.0038828515855582335,ETHUSDT
2021-10-27 00:00:00+00:00,2021-11-22 00:00:00+00:00,4156.7,4232.2,624.0,0.018163446965140616,0.016129154363811793,-0.05544783121225971,ETHUSDT
2022-02-16 00:00:00+00:00,2022-02-17 00:00:00+00:00,3159.72,3150.27,24.0,-0.002990771334168793,-0.004982797765069491,-0.03072107655108669,ETHUSDT
2022-02-18 00:00:00+00:00,2022-02-20 00:00:00+00:00,2890.31,2730.32,48.0,-0.05535392397355293,-0.05724132872085852,-0.062003729703734245,ETHUSDT
2022-03-17 00:00:00+00:00,2022-03-19 00:00:00+00:00,2768.19,2965.14,48.0,0.07114757296283847,0.0690074179719038,-0.006050885235478809,ETHUSDT
2022-03-24 04:00:00+00:00,2022-03-26 00:00:00+00:00,3025.96,3089.96,44.0,0.021150312628058533,0.019110052263167532,-0.004745601395920729,ETHUSDT
2022-03-28 00:00:00+00:00,2022-04-04 04:00:00+00:00,3291.44,3496.8,172.0,0.062392144471720624,0.06026948284440459,-0.020115815570084794,ETHUSDT
2022-04-07 00:00:00+00:00,2022-04-11 00:00:00+00:00,3154.01,3203.86,96.0,0.01580527645758888,0.013775695485645612,0.0,ETHUSDT
2022-07-17 00:00:00+00:00,2022-07-18 00:00:00+00:00,1363.63,1347.68,24.0,-0.011696721251365873,-0.013671353176937462,-0.027272793939705053,ETHUSDT
2022-07-19 00:00:00+00:00,2022-07-20 04:00:00+00:00,1559.87,1561.6,28.0,0.0011090667812061379,-0.0008911511344404932,-0.03186804028540824,ETHUSDT
2022-09-11 00:00:00+00:00,2022-09-13 00:00:00+00:00,1772.33,1687.76,48.0,-0.047716847313987766,-0.04961951095571793,-0.04771684731398773,ETHUSDT
2022-11-03 04:00:00+00:00,2022-11-04 00:00:00+00:00,1552.96,1538.73,20.0,-0.009163146507315074,-0.011142840520287356,-0.0175278178446322,ETHUSDT
2023-01-05 05:00:00+00:00,2023-01-08 00:00:00+00:00,1253.19,1261.01,67.0,0.006240075327763496,0.004229605646788981,-0.00775620616187489,ETHUSDT
2023-01-30 00:00:00+00:00,2023-02-10 21:00:00+00:00,1645.85,1505.61,285.0,-0.08520825105568552,-0.08703600679783186,-0.08520825105568552,ETHUSDT
2023-02-16 00:00:00+00:00,2023-03-01 00:00:00+00:00,1686.28,1601.57,312.0,-0.05023483644471857,-0.05213246913913472,-0.0678712906516119,ETHUSDT
2023-03-02 00:00:00+00:00,2023-03-07 05:00:00+00:00,1658.35,1573.89,125.0,-0.0509301414056139,-0.05282638487932889,-0.06377423342478972,ETHUSDT
2023-03-18 00:00:00+00:00,2023-03-19 00:00:00+00:00,1819.07,1774.52,24.0,-0.024490536372981774,-0.02643960623037822,-0.033071844404008566,ETHUSDT
2023-03-20 00:00:00+00:00,2023-03-21 00:00:00+00:00,1771.21,1748.1,24.0,-0.013047577644661065,-0.015019510556459892,-0.021719615404158787,ETHUSDT
2023-03-22 00:00:00+00:00,2023-03-23 00:00:00+00:00,1788.12,1737.25,24.0,-0.02844887367738177,-0.030390034768935204,-0.040025277945551774,ETHUSDT
2023-03-30 00:00:00+00:00,2023-04-02 00:00:00+00:00,1785.48,1813.36,72.0,0.015614848668145194,0.01358564817130592,-0.0085411205950221,ETHUSDT
2023-04-04 00:00:00+00:00,2023-04-09 00:00:00+00:00,1804.99,1854.64,120.0,0.027507077601538008,0.025454116407529037,-0.0005983412650485409,ETHUSDT
2023-04-11 00:00:00+00:00,2023-04-16 00:00:00+00:00,1919.4,2089.59,120.0,0.0886683338543295,0.08649317234812726,-0.029566531207669056,ETHUSDT
2023-04-17 00:00:00+00:00,2023-04-21 06:00:00+00:00,2081.79,1907.79,102.0,-0.0835819174844725,-0.08541292264434353,-0.08358191748447252,ETHUSDT
2023-05-29 00:00:00+00:00,2023-06-04 00:00:00+00:00,1914.5,1888.09,144.0,-0.013794724471141332,-0.015765164582087987,-0.0323113084356228,ETHUSDT
2023-06-05 00:00:00+00:00,2023-06-06 00:00:00+00:00,1882.18,1810.72,24.0,-0.037966613182586165,-0.039888757811591846,-0.04100564239339488,ETHUSDT
2023-06-22 00:00:00+00:00,2023-06-23 00:00:00+00:00,1915.71,1876.77,24.0,-0.02032666739746624,-0.02228405667339528,-0.02356828538766309,ETHUSDT
2023-06-24 00:00:00+00:00,2023-07-13 00:00:00+00:00,1882.01,1871.4,456.0,-0.005637589598354897,-0.007624327681075349,-0.0289052661781819,ETHUSDT
2023-07-14 00:00:00+00:00,2023-07-20 00:00:00+00:00,2022.24,1893.65,144.0,-0.06358790252393381,-0.06545885576564414,-0.06862686921433658,ETHUSDT
2023-09-29 00:00:00+00:00,2023-09-30 00:00:00+00:00,1653.94,1671.04,24.0,0.010338948208520205,0.008320288971340517,-0.0017775735516403213,ETHUSDT
2023-10-02 00:00:00+00:00,2023-10-07 00:00:00+00:00,1724.17,1644.24,120.0,-0.04635853773119823,-0.04826391527818874,-0.0651385884222554,ETHUSDT
2023-10-08 00:00:00+00:00,2023-10-10 00:00:00+00:00,1636.89,1577.73,48.0,-0.03614170775067358,-0.03806749854437841,-0.041358918436791736,ETHUSDT
2023-10-24 00:00:00+00:00,2023-10-25 00:00:00+00:00,1776.74,1792.68,24.0,0.008971487105597923,0.006955560058433896,-0.0027466033296937864,ETHUSDT
2023-10-26 00:00:00+00:00,2023-10-28 00:00:00+00:00,1792.09,1779.74,48.0,-0.006891394963422545,-0.008875627940518438,-0.01711409583224044,ETHUSDT
2023-10-30 00:00:00+00:00,2023-11-08 04:00:00+00:00,1793.63,1885.37,220.0,0.05114767259691228,0.04904747744686855,-0.006707068904958202,ETHUSDT
2023-11-09 00:00:00+00:00,2023-11-15 00:00:00+00:00,1898.0,1981.71,144.0,0.04410432033719707,0.04201819781904104,0.0,ETHUSDT
2023-11-16 00:00:00+00:00,2023-11-19 00:00:00+00:00,2076.44,1952.21,72.0,-0.059828360077825514,-0.06170682489285473,-0.07725241278341777,ETHUSDT
2023-11-21 00:00:00+00:00,2023-11-29 00:00:00+00:00,2023.7,2050.61,192.0,0.0132974255077334,0.011272855226998946,-0.044641004101398485,ETHUSDT
2023-11-30 00:00:00+00:00,2023-12-01 00:00:00+00:00,2026.46,2049.68,24.0,0.011458405297908569,0.009437509383227516,-0.0006661863545296409,ETHUSDT
2023-12-02 00:00:00+00:00,2023-12-03 00:00:00+00:00,2092.03,2166.3,24.0,0.035501402943552425,0.03343246907153752,-0.00031548304756634504,ETHUSDT
2023-12-04 00:00:00+00:00,2023-12-18 00:00:00+00:00,2210.19,2193.7,336.0,-0.007460897026952541,-0.009443992137787571,-0.025242173749768115,ETHUSDT
2023-12-20 00:00:00+00:00,2023-12-24 00:00:00+00:00,2185.36,2303.21,96.0,0.05392704176886184,0.051821293433659266,-0.004072555551488111,ETHUSDT
2023-12-25 00:00:00+00:00,2023-12-26 00:00:00+00:00,2262.41,2266.9,24.0,0.0019846093325260393,-1.7357918887572765e-05,0.0,ETHUSDT
2023-12-28 00:00:00+00:00,2023-12-31 00:00:00+00:00,2432.5,2300.94,72.0,-0.0540842754367934,-0.05597421694441218,-0.06561151079136684,ETHUSDT
2024-01-02 00:00:00+00:00,2024-01-03 14:00:00+00:00,2388.18,2194.4,38.0,-0.0811412875076417,-0.08297716905108288,-0.08114128750764171,ETHUSDT
2024-02-25 00:00:00+00:00,2024-02-27 00:00:00+00:00,2994.51,3168.44,48.0,0.058082958480686266,0.055968906615590175,0.0,ETHUSDT
2024-02-29 00:00:00+00:00,2024-03-03 00:00:00+00:00,3448.56,3427.87,72.0,-0.005999605632495898,-0.007985620406456895,-0.036623982183867976,ETHUSDT
2024-03-04 05:00:00+00:00,2024-03-05 00:00:00+00:00,3465.61,3618.47,19.0,0.04410767512789947,0.04202154590686491,0.0,ETHUSDT
2024-03-06 00:00:00+00:00,2024-03-08 00:00:00+00:00,3563.15,3905.27,48.0,0.09601616547156305,0.09382632298310845,-0.016808161317934944,ETHUSDT
2024-03-12 00:00:00+00:00,2024-03-13 00:00:00+00:00,4057.42,3977.4,24.0,-0.01972189223693874,-0.02168048985484694,-0.03347200930640648,ETHUSDT
2024-03-17 00:00:00+00:00,2024-03-19 00:00:00+00:00,3508.25,3457.46,48.0,-0.01447730349889545,-0.016446379815580836,-0.018351029715670264,ETHUSDT
2024-05-19 00:00:00+00:00,2024-05-20 00:00:00+00:00,3113.59,3079.6,24.0,-0.010916658904993989,-0.012892849396692108,-0.016408711487382766,ETHUSDT
2024-06-06 00:00:00+00:00,2024-06-09 00:00:00+00:00,3859.56,3681.51,72.0,-0.04613220159810956,-0.04803803136514617,-0.048098747007430886,ETHUSDT
2024-06-10 00:00:00+00:00,2024-06-11 00:00:00+00:00,3694.16,3663.11,24.0,-0.008405158412196474,-0.010386366886897203,-0.012479156289927906,ETHUSDT
2024-06-11 04:00:00+00:00,2024-06-24 00:00:00+00:00,3565.51,3424.5,308.0,-0.0395483395082331,-0.04146732384487983,-0.04991431800780255,ETHUSDT
2024-07-18 00:00:00+00:00,2024-07-19 00:00:00+00:00,3410.75,3404.64,24.0,-0.0017913948545041785,-0.003785817642007583,-0.006280143663417115,ETHUSDT
2024-07-23 00:00:00+00:00,2024-07-25 02:00:00+00:00,3469.11,3183.81,50.0,-0.08224011345849516,-0.0840737995454911,-0.08224011345849513,ETHUSDT
2024-09-25 00:00:00+00:00,2024-09-26 00:00:00+00:00,2638.9,2571.33,24.0,-0.025605365872143758,-0.027552208297973668,-0.025753154723559102,ETHUSDT
2024-10-07 00:00:00+00:00,2024-10-11 00:00:00+00:00,2489.06,2386.3,96.0,-0.04128466167950944,-0.04320017684098898,-0.053538283528721586,ETHUSDT
2024-11-21 00:00:00+00:00,2024-12-05 00:00:00+00:00,3079.62,3796.07,336.0,0.23264233898987546,0.23017951713375218,-0.007546385593027671,ETHUSDT
2024-12-06 00:00:00+00:00,2024-12-07 17:00:00+00:00,3862.74,3991.88,41.0,0.03343222686486803,0.03136742721079244,-0.006674018960634132,ETHUSDT
2024-12-07 21:00:00+00:00,2024-12-09 00:00:00+00:00,4005.41,3971.76,27.0,-0.008401137461583118,-0.010382353970151303,-0.01720173465388053,ETHUSDT
2024-12-10 00:00:00+00:00,2024-12-19 19:00:00+00:00,3767.34,3439.61,235.0,-0.08699241374550744,-0.08881660472703479,-0.08699241374550748,ETHUSDT
2025-04-23 00:00:00+00:00,2025-05-25 00:00:00+00:00,1751.42,2486.81,768.0,0.4198821527674686,0.417045225389312,-0.009540829726736089,ETHUSDT
2025-05-26 00:00:00+00:00,2025-05-27 15:00:00+00:00,2571.98,2668.09,39.0,0.037368097730153475,0.03529543419822523,-0.0163337195468084,ETHUSDT
2025-05-27 19:00:00+00:00,2025-05-31 00:00:00+00:00,2687.55,2519.74,77.0,-0.06243976856244549,-0.06431301577810489,-0.062439768562445486,ETHUSDT
2025-06-01 00:00:00+00:00,2025-06-07 00:00:00+00:00,2525.77,2480.97,144.0,-0.017737165300086778,-0.019699728406380235,-0.05005206333118217,ETHUSDT
2025-06-30 00:00:00+00:00,2025-07-02 00:00:00+00:00,2518.78,2398.42,48.0,-0.047785038788619935,-0.04968756618364767,-0.04778503878861995,ETHUSDT
2025-07-09 06:00:00+00:00,2025-07-30 00:00:00+00:00,2631.29,3775.62,498.0,0.4348931512680092,0.43202623188485645,-0.007642639161779985,ETHUSDT
2025-07-30 04:00:00+00:00,2025-08-01 22:00:00+00:00,3809.02,3463.55,66.0,-0.09069786979328011,-0.09251465726622055,-0.0906978697932801,ETHUSDT
2025-08-12 19:00:00+00:00,2025-08-13 00:00:00+00:00,4516.84,4613.98,5.0,0.021506185740473298,0.01946521434039261,0.0,ETHUSDT
2025-08-14 00:00:00+00:00,2025-08-18 02:00:00+00:00,4717.13,4320.55,98.0,-0.08407230667800122,-0.08590233203928388,-0.08407230667800125,ETHUSDT
2025-08-20 00:00:00+00:00,2025-08-27 00:00:00+00:00,4105.34,4570.05,168.0,0.11319647093785168,0.11097230216474929,0.0,ETHUSDT
2025-09-12 00:00:00+00:00,2025-09-15 00:00:00+00:00,4512.05,4602.08,72.0,0.019953236333817164,0.017915367729753884,-0.003280105495284902,ETHUSDT
2021-10-21 07:00:00+00:00,2021-10-24 00:00:00+00:00,186.92,197.23,65.0,0.05515728653969614,0.05304908017298349,-0.031136315001069947,SOLUSDT
2021-10-25 00:00:00+00:00,2021-10-26 00:00:00+00:00,203.02,210.21,24.0,0.035415230026598354,0.03334646832824362,-0.012954388730174515,SOLUSDT
2021-10-27 00:00:00+00:00,2021-10-27 22:00:00+00:00,203.98,183.6,22.0,-0.09991175605451513,-0.1017101341642963,-0.09991175605451508,SOLUSDT
2021-12-28 00:00:00+00:00,2021-12-28 18:00:00+00:00,195.6,179.3,18.0,-0.08333333333333325,-0.08516483516483508,-0.08333333333333326,SOLUSDT
2022-03-24 04:00:00+00:00,2022-03-26 00:00:00+00:00,95.25,98.0,44.0,0.028871391076115485,0.02681570398105837,0.0,SOLUSDT
2022-03-28 00:00:00+00:00,2022-04-04 04:00:00+00:00,105.96,135.4,172.0,0.27784069460173666,0.2752875663407943,-0.000849377123442685,SOLUSDT
2022-04-07 00:00:00+00:00,2022-04-11 00:00:00+00:00,111.93,111.01,96.0,-0.008219422853569209,-0.010201002428287143,-0.029572053962297895,SOLUSDT
2022-06-25 00:00:00+00:00,2022-06-26 00:00:00+00:00,41.69,41.94,24.0,0.005996641880546894,0.003986658580086511,-0.043655552890381366,SOLUSDT
2022-07-17 00:00:00+00:00,2022-07-18 00:00:00+00:00,39.91,38.81,24.0,-0.027562014532698433,-0.029504947570595075,-0.03633174642946624,SOLUSDT
2022-07-19 00:00:00+00:00,2022-07-20 04:00:00+00:00,44.05,45.31,28.0,0.028603859250851422,0.026548706684915713,-0.02360953461975024,SOLUSDT
2022-09-29 00:00:00+00:00,2022-10-02 00:00:00+00:00,33.08,32.69,72.0,-0.011789600967351892,-0.013764047319065442,-0.0193470374848852,SOLUSDT
2022-10-06 00:00:00+00:00,2022-10-07 04:00:00+00:00,34.2,33.44,28.0,-0.02222222222222237,-0.0241758241758242,-0.02514619883040936,SOLUSDT
2022-11-03 04:00:00+00:00,2022-11-04 00:00:00+00:00,31.86,31.17,20.0,-0.02165725047080972,-0.02361198123909969,-0.03138731952291274,SOLUSDT
2023-01-05 05:00:00+00:00,2023-01-08 00:00:00+00:00,13.31,12.92,67.0,-0.029301277235161575,-0.031240735222703542,-0.029301277235161627,SOLUSDT
2023-01-30 00:00:00+00:00,2023-01-30 09:00:00+00:00,26.24,24.01,9.0,-0.08498475609756086,-0.08681295838308012,-0.08498475609756084,SOLUSDT
2023-02-16 00:00:00+00:00,2023-02-25 20:00:00+00:00,23.66,21.67,236.0,-0.08410819949281481,-0.08593815314018172,-0.08410819949281478,SOLUSDT
2023-03-18 00:00:00+00:00,2023-03-19 00:00:00+00:00,22.21,21.48,24.0,-0.032868077442593444,-0.03480040895619452,-0.04547501125619102,SOLUSDT
2023-03-20 00:00:00+00:00,2023-03-21 00:00:00+00:00,21.83,22.5,24.0,0.030691708657810433,0.028632384564588165,-0.005497022446174893,SOLUSDT
2023-03-22 00:00:00+00:00,2023-03-23 00:00:00+00:00,22.17,21.4,24.0,-0.03473161930536775,-0.036660227458603756,-0.04916553901668941,SOLUSDT
2023-03-24 00:00:00+00:00,2023-03-25 19:00:00+00:00,22.09,20.14,43.0,-0.08827523766410138,-0.09009686556087637,-0.08827523766410139,SOLUSDT
2023-03-30 00:00:00+00:00,2023-04-02 00:00:00+00:00,20.88,20.93,72.0,0.0023946360153257046,0.0003918495297807745,-0.02921455938697315,SOLUSDT
2023-04-11 00:00:00+00:00,2023-04-16 00:00:00+00:00,20.97,24.12,120.0,0.15021459227467823,0.14791646122118252,0.0,SOLUSDT
2023-04-17 00:00:00+00:00,2023-04-19 08:00:00+00:00,24.85,22.85,56.0,-0.08048289738430583,-0.08232009439252885,-0.08048289738430581,SOLUSDT
2023-06-05 00:00:00+00:00,2023-06-05 15:00:00+00:00,21.94,19.91,15.0,-0.09252506836827716,-0.09433820509481394,-0.09252506836827712,SOLUSDT
2023-07-14 00:00:00+00:00,2023-07-14 18:00:00+00:00,29.36,26.02,18.0,-0.11376021798365123,-0.1155309268388286,-0.11376021798365121,SOLUSDT
2023-07-27 00:00:00+00:00,2023-07-30 00:00:00+00:00,25.13,25.18,72.0,0.0019896538002387868,-1.2323530031221885e-05,-0.019896538002387554,SOLUSDT
2023-07-31 00:00:00+00:00,2023-08-05 16:00:00+00:00,24.48,22.42,136.0,-0.08415032679738557,-0.08598019627431375,-0.08415032679738554,SOLUSDT
2023-08-15 04:00:00+00:00,2023-08-16 00:00:00+00:00,24.97,23.87,20.0,-0.04405286343612327,-0.04596284772496195,-0.04525430516619944,SOLUSDT
2023-09-21 00:00:00+00:00,2023-09-23 00:00:00+00:00,20.15,19.46,48.0,-0.03424317617865994,-0.03617276024223881,-0.04119106699751851,SOLUSDT
2023-09-29 00:00:00+00:00,2023-09-30 00:00:00+00:00,19.94,20.39,24.0,0.022567703109327947,0.020524610795423337,0.0,SOLUSDT
2023-10-02 00:00:00+00:00,2023-10-07 00:00:00+00:00,23.75,23.59,120.0,-0.0067368421052631635,-0.008721383879278455,-0.04631578947368431,SOLUSDT
2023-10-08 00:00:00+00:00,2023-10-10 00:00:00+00:00,23.37,21.96,48.0,-0.06033376123234917,-0.06221121625486181,-0.060333761232349126,SOLUSDT
2023-10-11 00:00:00+00:00,2023-10-11 04:00:00+00:00,22.27,22.27,4.0,0.0,-0.0019980019980019303,-0.01302200269420739,SOLUSDT
2023-10-18 04:00:00+00:00,2023-10-19 00:00:00+00:00,24.21,23.52,20.0,-0.028500619578686544,-0.030441677281825896,-0.03304419661296987,SOLUSDT
2023-10-21 00:00:00+00:00,2023-10-23 04:00:00+00:00,26.89,31.09,52.0,0.1561918928969877,0.15388181918490584,-0.006693938267013699,SOLUSDT
2023-10-24 00:00:00+00:00,2023-10-25 00:00:00+00:00,31.83,30.81,24.0,-0.03204524033930253,-0.03397921588307995,-0.052466226830034546,SOLUSDT
2023-10-26 00:00:00+00:00,2023-10-28 00:00:00+00:00,32.44,31.81,48.0,-0.019420468557336593,-0.021379668420358766,-0.04932182490752146,SOLUSDT
2023-10-30 00:00:00+00:00,2023-11-08 04:00:00+00:00,32.56,43.39,220.0,0.33261670761670753,0.32995413677231866,-0.002457002457002644,SOLUSDT
2023-11-09 00:00:00+00:00,2023-11-15 00:00:00+00:00,42.82,56.93,144.0,0.32951891639420827,0.32686253494287154,0.0,SOLUSDT
2023-11-16 00:00:00+00:00,2023-11-16 21:00:00+00:00,65.26,58.57,21.0,-0.10251302482378186,-0.10430620559336468,-0.10251302482378188,SOLUSDT
2023-11-21 00:00:00+00:00,2023-11-21 22:00:00+00:00,56.92,51.83,22.0,-0.08942375263527765,-0.09124308579684537,-0.08942375263527769,SOLUSDT
2023-11-30 00:00:00+00:00,2023-12-01 00:00:00+00:00,59.19,58.89,24.0,-0.005068423720222963,-0.0070562989975051504,-0.005068423720222981,SOLUSDT
2023-12-20 00:00:00+00:00,2023-12-24 00:00:00+00:00,73.9,109.35,96.0,0.4797023004059538,0.4767458522532946,-0.002435723951285662,SOLUSDT
2023-12-25 00:00:00+00:00,2023-12-26 00:00:00+00:00,109.2,119.09,24.0,0.09056776556776557,0.08838880899320478,0.0,SOLUSDT
2023-12-28 00:00:00+00:00,2023-12-31 00:00:00+00:00,107.1,102.59,72.0,-0.04211017740429497,-0.044024043183706896,-0.07647058823529407,SOLUSDT
2024-01-02 00:00:00+00:00,2024-01-03 12:00:00+00:00,110.56,100.24,36.0,-0.09334298118668603,-0.09515448372177748,-0.09334298118668605,SOLUSDT
2024-01-05 05:00:00+00:00,2024-01-06 06:00:00+00:00,101.43,92.04,25.0,-0.09257616089914227,-0.09438919554270031,-0.09257616089914222,SOLUSDT
2024-02-25 00:00:00+00:00,2024-02-27 00:00:00+00:00,103.74,110.76,48.0,0.06766917293233093,0.0655359677916072,-0.026797763639868966,SOLUSDT
2024-02-29 00:00:00+00:00,2024-03-03 00:00:00+00:00,123.0,128.77,72.0,0.04691056910569114,0.04481883969688871,-0.012195121951219523,SOLUSDT
2024-03-04 05:00:00+00:00,2024-03-05 00:00:00+00:00,128.88,131.83,19.0,0.02288950962135333,0.02084577433739465,-0.011328367473618872,SOLUSDT
2024-03-06 00:00:00+00:00,2024-03-08 00:00:00+00:00,123.64,145.56,48.0,0.17728890326755098,0.17493667768659704,-0.028550630863798165,SOLUSDT
2024-03-12 00:00:00+00:00,2024-03-13 00:00:00+00:00,147.21,149.48,24.0,0.015420148087765652,0.0133913366030749,-0.0065892262753889375,SOLUSDT
2024-03-17 00:00:00+00:00,2024-03-19 00:00:00+00:00,182.37,193.77,48.0,0.06251028129626586,0.06038738363133822,-0.002741679004222175,SOLUSDT
2024-03-19 04:00:00+00:00,2024-03-19 22:00:00+00:00,186.52,169.25,18.0,-0.09259060690542574,-0.09440361268583441,-0.09259060690542575,SOLUSDT
2024-05-11 00:00:00+00:00,2024-05-13 00:00:00+00:00,146.06,145.19,48.0,-0.005956456250855844,-0.007942557237367587,-0.0194440640832535,SOLUSDT
2024-05-14 00:00:00+00:00,2024-05-15 00:00:00+00:00,146.78,141.7,24.0,-0.03460961983921524,-0.03653847174762814,-0.03460961983921529,SOLUSDT
2024-06-06 00:00:00+00:00,2024-06-08 16:00:00+00:00,173.67,159.73,64.0,-0.08026717337479126,-0.08210480140001641,-0.08026717337479128,SOLUSDT
2024-07-18 00:00:00+00:00,2024-07-19 00:00:00+00:00,157.88,158.07,24.0,0.001203445654927779,-0.0007969608298972197,-0.011717760324296944,SOLUSDT
2024-07-23 00:00:00+00:00,2024-08-01 15:00:00+00:00,178.82,162.64,231.0,-0.09048204898780901,-0.09229926767114993,-0.09048204898780898,SOLUSDT
2024-09-25 00:00:00+00:00,2024-09-26 00:00:00+00:00,151.98,147.28,24.0,-0.030925121726542895,-0.0328613352695466,-0.030925121726542937,SOLUSDT
2024-09-27 00:00:00+00:00,2024-10-02 18:00:00+00:00,156.22,142.25,138.0,-0.08942516963256944,-0.09124449996297379,-0.08942516963256941,SOLUSDT
2024-10-03 04:00:00+00:00,2024-10-06 00:00:00+00:00,142.1,142.28,68.0,0.001266713581984566,-0.0007338193122848891,-0.05130190007037294,SOLUSDT
2024-11-01 11:00:00+00:00,2024-11-20 00:00:00+00:00,167.88,236.92,445.0,0.41124612818680006,0.4084264556030106,-0.0745770788658564,SOLUSDT
2024-11-21 00:00:00+00:00,2024-12-03 13:00:00+00:00,237.73,218.3,301.0,-0.08173137593067757,-0.08356607847627051,-0.08173137593067759,SOLUSDT
2024-12-06 00:00:00+00:00,2024-12-07 17:00:00+00:00,242.66,241.02,41.0,-0.0067584274293249254,-0.008742926075819613,-0.04710294238852719,SOLUSDT
2024-12-07 21:00:00+00:00,2024-12-09 00:00:00+00:00,241.54,233.65,27.0,-0.03266539703568762,-0.03459813350514673,-0.032665397035687604,SOLUSDT
2025-01-28 00:00:00+00:00,2025-01-31 00:00:00+00:00,235.19,238.86,72.0,0.015604404949190085,0.013575225318922302,-0.03971257281346996,SOLUSDT
2025-01-31 04:00:00+00:00,2025-01-31 18:00:00+00:00,235.93,230.33,14.0,-0.023735853854956954,-0.02568643156953232,-0.023735853854956912,SOLUSDT
2025-01-31 22:00:00+00:00,2025-02-02 00:00:00+00:00,231.2,217.14,26.0,-0.06081314878892735,-0.06268964599414417,-0.07863321799307954,SOLUSDT
2025-03-26 04:00:00+00:00,2025-03-28 00:00:00+00:00,142.36,137.85,44.0,-0.03168024726046655,-0.03361495206114484,-0.038634447878617584,SOLUSDT
2025-04-23 00:00:00+00:00,2025-05-25 00:00:00+00:00,147.92,172.3,768.0,0.16481882098431602,0.1624915106526792,-0.04887777176852348,SOLUSDT
2025-05-26 00:00:00+00:00,2025-05-27 15:00:00+00:00,177.58,178.44,39.0,0.004842887712580162,0.0028352096152524098,-0.030971956301385273,SOLUSDT
2025-05-27 19:00:00+00:00,2025-05-30 00:00:00+00:00,177.49,161.84,53.0,-0.08817398163276807,-0.08999581183929595,-0.08817398163276802,SOLUSDT
2025-06-30 00:00:00+00:00,2025-07-02 00:00:00+00:00,152.6,146.75,48.0,-0.03833551769331582,-0.040256925250371944,-0.04678899082568799,SOLUSDT
2025-07-03 00:00:00+00:00,2025-07-09 00:00:00+00:00,153.07,151.71,144.0,-0.008884823936760863,-0.010865074038785227,-0.0468413144313059,SOLUSDT
2025-07-30 04:00:00+00:00,2025-08-01 13:00:00+00:00,180.29,165.66,57.0,-0.08114704087858449,-0.08298291092677901,-0.08114704087858449,SOLUSDT
2025-08-12 19:00:00+00:00,2025-08-13 00:00:00+00:00,190.66,193.97,5.0,0.017360746879261525,0.015328058074308037,0.0,SOLUSDT
2025-08-14 00:00:00+00:00,2025-08-15 18:00:00+00:00,201.5,184.16,42.0,-0.08605459057071962,-0.08788065532482392,-0.08605459057071962,SOLUSDT
2025-09-11 00:00:00+00:00,2025-09-11 04:00:00+00:00,225.0,223.51,4.0,-0.006622222222222263,-0.008606993006992969,-0.008888888888888835,SOLUSDT
2025-09-12 00:00:00+00:00,2025-09-15 00:00:00+00:00,232.99,240.71,72.0,0.033134469290527484,0.03107026455668027,-0.003219022275634198,SOLUSDT
2021-07-21 00:00:00+00:00,2021-07-24 00:00:00+00:00,0.5207,0.6067,72.0,0.1651622815440752,0.1628342849775537,0.0,XRPUSDT
2021-07-31 00:00:00+00:00,2021-08-04 00:00:00+00:00,0.75408,0.71973,96.0,-0.04555219605346912,-0.047459184672742794,-0.06318958200721403,XRPUSDT
2021-08-07 00:00:00+00:00,2021-09-10 00:00:00+00:00,0.755,1.1001,816.0,0.4570860927152319,0.45417483179072615,0.0,XRPUSDT
2021-10-05 00:00:00+00:00,2021-11-20 00:00:00+00:00,1.0475,1.0906,1104.0,0.04114558472553691,0.03906537376704455,-0.06367541766109797,XRPUSDT
2021-12-22 00:00:00+00:00,2021-12-23 00:00:00+00:00,0.9356,0.9505,24.0,0.015925609234715716,0.013895787837643558,-0.010260795211628815,XRPUSDT
2021-12-28 00:00:00+00:00,2021-12-29 00:00:00+00:00,0.9154,0.8586,24.0,-0.062049377321389515,-0.0639234045395285,-0.06980554948656326,XRPUSDT
2022-02-16 00:00:00+00:00,2022-02-17 00:00:00+00:00,0.8447,0.8431,24.0,-0.0018941636083817282,-0.0038883810637094784,-0.03823842784420506,XRPUSDT
2022-02-18 00:00:00+00:00,2022-02-19 00:00:00+00:00,0.7793,0.7946,24.0,0.019633003977928887,0.017595775198752328,-0.023225972026177377,XRPUSDT
2022-03-02 00:00:00+00:00,2022-03-03 00:00:00+00:00,0.7743,0.7681,24.0,-0.008007232338886715,-0.009989235870677127,-0.017305953764690685,XRPUSDT
2022-03-17 00:00:00+00:00,2022-03-19 00:00:00+00:00,0.7939,0.7967,48.0,0.0035268925557373895,0.0015218438193624895,-0.018012344123945145,XRPUSDT
2022-03-24 00:00:00+00:00,2022-03-26 00:00:00+00:00,0.8377,0.8227,48.0,-0.017906171660499,-0.019868397091746592,-0.017906171660499015,XRPUSDT
2022-03-28 00:00:00+00:00,2022-04-02 00:00:00+00:00,0.8623,0.8367,120.0,-0.029688043604313995,-0.03162672883187767,-0.0709729792415632,XRPUSDT
2022-06-25 00:00:00+00:00,2022-06-26 00:00:00+00:00,0.3668,0.3666,24.0,-0.0005452562704472015,-0.0025421688453312052,-0.03380588876772084,XRPUSDT
2022-07-08 00:00:00+00:00,2022-07-10 00:00:00+00:00,0.3513,0.3418,48.0,-0.027042413891261056,-0.028986385092277356,-0.039567321377739884,XRPUSDT
2022-07-15 00:00:00+00:00,2022-07-16 00:00:00+00:00,0.3333,0.3317,24.0,-0.004800480048004771,-0.006788890677279391,-0.015601560156015548,XRPUSDT
2022-07-23 00:00:00+00:00,2022-07-24 00:00:00+00:00,0.358,0.3597,24.0,0.004748603351955405,0.0027411136349684284,-0.019832402234636892,XRPUSDT
2022-08-04 00:00:00+00:00,2022-08-05 00:00:00+00:00,0.3728,0.3711,24.0,-0.004560085836909964,-0.006548976774298665,-0.020922746781115942,XRPUSDT
2022-08-10 00:00:00+00:00,2022-08-11 00:00:00+00:00,0.3633,0.3833,24.0,0.05505092210294512,0.05294292825258973,-0.007707129094412402,XRPUSDT
2022-09-19 00:00:00+00:00,2022-09-20 00:00:00+00:00,0.364,0.3792,24.0,0.041758241758241735,0.03967680670977369,-0.060989010989010994,XRPUSDT
2022-09-30 00:00:00+00:00,2022-10-01 00:00:00+00:00,0.4805,0.4739,24.0,-0.013735691987512996,-0.015706250045479986,-0.01373569198751301,XRPUSDT
2022-10-03 00:00:00+00:00,2022-10-04 00:00:00+00:00,0.453,0.4568,24.0,0.008388520971302361,0.006373758691639697,-0.030463576158940464,XRPUSDT
2022-10-06 00:00:00+00:00,2022-10-08 00:00:00+00:00,0.4931,0.5174,48.0,0.04928006489555869,0.04718360122943377,-0.01723788278239713,XRPUSDT
2022-10-13 00:00:00+00:00,2022-10-15 00:00:00+00:00,0.4866,0.487,48.0,0.0008220304151253832,-0.0011776140012883518,-0.07521578298397036,XRPUSDT
2022-10-17 00:00:00+00:00,2022-10-18 00:00:00+00:00,0.4741,0.4825,24.0,0.017717781058848265,0.01568437889889074,-0.018561484918793614,XRPUSDT
2022-10-27 00:00:00+00:00,2022-10-29 00:00:00+00:00,0.4769,0.473,48.0,-0.008177815055567236,-0.010159477762748836,-0.040050325015726584,XRPUSDT
2022-12-01 00:00:00+00:00,2022-12-02 00:00:00+00:00,0.4048,0.3972,24.0,-0.01877470355731224,-0.020735193660094797,-0.022233201581027706,XRPUSDT
2022-12-08 00:00:00+00:00,2022-12-09 00:00:00+00:00,0.3847,0.3924,24.0,0.02001559656875498,0.017977603368817485,-0.000519885625162364,XRPUSDT
2022-12-14 00:00:00+00:00,2022-12-15 00:00:00+00:00,0.3944,0.3855,24.0,-0.022565922920892403,-0.024518838159811596,-0.03144016227180524,XRPUSDT
2023-01-15 00:00:00+00:00,2023-01-17 00:00:00+00:00,0.3896,0.3844,48.0,-0.013347022587268949,-0.015318357207474098,-0.022587268993839782,XRPUSDT
2023-01-19 00:00:00+00:00,2023-01-20 00:00:00+00:00,0.3785,0.3901,24.0,0.030647291941875824,0.028588056593340738,-0.00369881109643333,XRPUSDT
2023-01-22 00:00:00+00:00,2023-01-23 00:00:00+00:00,0.4054,0.4033,24.0,-0.005180069067587546,-0.0071677212772425225,-0.017760236803157303,XRPUSDT
2023-01-24 00:00:00+00:00,2023-01-25 00:00:00+00:00,0.4242,0.4053,24.0,-0.044554455445544615,-0.04646343755254634,-0.044554455445544594,XRPUSDT
2023-01-26 00:00:00+00:00,2023-01-28 00:00:00+00:00,0.4165,0.4139,48.0,-0.006242496998799499,-0.008228026475325279,-0.03937575030011997,XRPUSDT
2023-03-18 00:00:00+00:00,2023-04-22 00:00:00+00:00,0.3809,0.4468,840.0,0.17301128905224455,0.17066761015303933,-0.01995274350223153,XRPUSDT
2023-05-29 00:00:00+00:00,2023-05-31 00:00:00+00:00,0.4826,0.5179,48.0,0.07314546208039796,0.07100131530301468,-0.008702859510982153,XRPUSDT
2023-06-01 00:00:00+00:00,2023-06-02 00:00:00+00:00,0.5081,0.5137,24.0,0.01102145246998632,0.0090014295879286,-0.009840582562487654,XRPUSDT
2023-06-03 00:00:00+00:00,2023-06-04 00:00:00+00:00,0.5219,0.5169,24.0,-0.009580379383023576,-0.011559239763876739,-0.009580379383023585,XRPUSDT
2023-06-05 00:00:00+00:00,2023-06-06 00:00:00+00:00,0.5382,0.5102,24.0,-0.05202526941657381,-0.05391932482233486,-0.06874767744332966,XRPUSDT
2023-06-08 00:00:00+00:00,2023-06-09 00:00:00+00:00,0.516,0.523,24.0,0.013565891472868229,0.011540784796598702,0.0,XRPUSDT
2023-07-27 00:00:00+00:00,2023-07-28 00:00:00+00:00,0.7094,0.7165,24.0,0.01000845785170566,0.00799045893491912,0.0,XRPUSDT
2023-08-04 00:00:00+00:00,2023-08-05 00:00:00+00:00,0.6648,0.6314,24.0,-0.050240673886883254,-0.05213829491807809,-0.05174488567990376,XRPUSDT
2023-09-21 00:00:00+00:00,2023-09-23 00:00:00+00:00,0.5165,0.5125,48.0,-0.007744433688286551,-0.009726962292305852,-0.029622458857695988,XRPUSDT
2023-09-29 00:00:00+00:00,2023-09-30 00:00:00+00:00,0.5104,0.5176,24.0,0.014106583072100283,0.01208039609293543,-0.006465517241379226,XRPUSDT
2023-10-06 00:00:00+00:00,2023-10-07 00:00:00+00:00,0.5248,0.5246,24.0,-0.0003810975609757793,-0.0023783381252894253,-0.01257621951219523,XRPUSDT
2023-10-09 00:00:00+00:00,2023-10-10 00:00:00+00:00,0.5159,0.4998,24.0,-0.03120759837177748,-0.033143247525879604,-0.03547199069587137,XRPUSDT
2023-10-21 00:00:00+00:00,2024-01-28 00:00:00+00:00,0.5145,0.5299,2376.0,0.029931972789115805,0.027874166649677123,-0.024489795918367196,XRPUSDT
2024-03-06 00:00:00+00:00,2024-03-09 00:00:00+00:00,0.59,0.6234,72.0,0.0566101694915254,0.05449906026177209,-0.024576271186440568,XRPUSDT
2024-03-10 00:00:00+00:00,2024-03-13 00:00:00+00:00,0.6205,0.6849,72.0,0.10378726833199016,0.1015818991644939,-0.03658340048348119,XRPUSDT
2024-03-14 00:00:00+00:00,2024-03-15 00:00:00+00:00,0.682,0.6712,24.0,-0.01583577712609975,-0.017802139209763812,-0.0447214076246335,XRPUSDT
2024-03-17 00:00:00+00:00,2024-04-12 18:00:00+00:00,0.6011,0.5284,642.0,-0.12094493428714023,-0.1227012880647882,-0.12094493428714026,XRPUSDT
2024-07-16 00:00:00+00:00,2024-08-05 00:00:00+00:00,0.5516,0.4969,480.0,-0.09916606236403186,-0.10096593037129653,-0.0991660623640318,XRPUSDT
2024-08-24 00:00:00+00:00,2024-08-27 00:00:00+00:00,0.6085,0.5893,72.0,-0.031552999178307305,-0.033487958220908,-0.0455217748562039,XRPUSDT
2024-09-18 00:00:00+00:00,2024-09-19 00:00:00+00:00,0.5814,0.5874,24.0,0.010319917440660483,0.008301296226992827,-0.029067767457860327,XRPUSDT
2024-09-20 00:00:00+00:00,2024-09-21 00:00:00+00:00,0.583,0.5812,24.0,-0.003087478559176523,-0.005079311768848238,-0.007375643224699746,XRPUSDT
2024-09-25 00:00:00+00:00,2024-10-02 21:00:00+00:00,0.5908,0.5412,189.0,-0.08395396073121188,-0.08578422254793261,-0.08395396073121186,XRPUSDT
2024-11-24 00:00:00+00:00,2024-11-24 12:00:00+00:00,1.4726,1.3375,12.0,-0.09174249626510933,-0.0935571965722718,-0.09174249626510933,XRPUSDT
2024-12-19 00:00:00+00:00,2024-12-20 09:00:00+00:00,2.3419,2.1284,33.0,-0.09116529313805022,-0.09298114669821389,-0.09116529313805022,XRPUSDT
2025-03-20 00:00:00+00:00,2025-03-22 00:00:00+00:00,2.5052,2.3985,48.0,-0.04259140986747566,-0.044504314143464674,-0.054606418649209676,XRPUSDT
2025-04-23 00:00:00+00:00,2025-06-22 00:00:00+00:00,2.2034,2.0825,1440.0,-0.05486974675501488,-0.056758118889370546,-0.07524734501225372,XRPUSDT
2025-09-11 00:00:00+00:00,2025-09-15 00:00:00+00:00,2.9899,3.0351,96.0,0.015117562460282922,0.013089355542280412,-0.0005351349543462058,XRPUSDT
2025-09-17 00:00:00+00:00,2025-09-19 00:00:00+00:00,3.0358,3.0865,48.0,0.0167007049212728,0.014669334881470153,-0.012550233875749384,XRPUSDT
2025-10-02 00:00:00+00:00,2025-10-10 19:00:00+00:00,2.9431,2.6766,211.0,-0.09055077979001724,-0.09236786114907802,-0.09055077979001724,XRPUSDT
2021-08-31 07:00:00+00:00,2021-09-07 15:00:00+00:00,0.2766,0.2531,176.0,-0.08496023138105575,-0.08678848266700756,-0.0849602313810558,DOGEUSDT
2021-10-05 00:00:00+00:00,2021-10-12 03:00:00+00:00,0.2438,0.2237,171.0,-0.08244462674323208,-0.08427790421227643,-0.08244462674323205,DOGEUSDT
2021-12-28 00:00:00+00:00,2021-12-29 00:00:00+00:00,0.18514,0.17524,24.0,-0.05347304742357131,-0.05536421016598159,-0.06152101112671493,DOGEUSDT
2022-02-16 00:00:00+00:00,2022-02-17 00:00:00+00:00,0.15051,0.14983,24.0,-0.0045179722277590454,-0.006506947308222988,-0.024583084180453185,DOGEUSDT
2022-03-24 00:00:00+00:00,2022-03-26 00:00:00+00:00,0.12988,0.12941,48.0,-0.0036187249769017416,-0.005609496755169641,-0.0036187249769017438,DOGEUSDT
2022-03-28 00:00:00+00:00,2022-04-02 00:00:00+00:00,0.14461,0.14308,120.0,-0.01058018117695855,-0.01255704395182966,-0.07468363183735549,DOGEUSDT
2022-04-09 00:00:00+00:00,2022-04-10 00:00:00+00:00,0.1432,0.14681,24.0,0.025209497206703926,0.02316112658291436,-0.015642458100558643,DOGEUSDT
2022-04-12 00:00:00+00:00,2022-04-13 00:00:00+00:00,0.13451,0.13802,24.0,0.026094714147647115,0.024044574858641088,0.0,DOGEUSDT
2022-04-15 00:00:00+00:00,2022-04-16 00:00:00+00:00,0.1429,0.14686,24.0,0.027711686494051722,0.025658316491066868,0.0,DOGEUSDT
2022-07-04 00:00:00+00:00,2022-07-05 00:00:00+00:00,0.06798,0.06988,24.0,0.0279493968814357,0.02589555193262183,-0.03250956163577523,DOGEUSDT
2022-07-06 00:00:00+00:00,2022-07-07 00:00:00+00:00,0.06728,0.06875,24.0,0.021848989298454205,0.019807332976179648,-0.011890606420927652,DOGEUSDT
2022-07-08 00:00:00+00:00,2022-07-10 00:00:00+00:00,0.07088,0.06896,48.0,-0.027088036117381562,-0.029031916165099148,-0.030050790067720046,DOGEUSDT
2022-07-23 00:00:00+00:00,2022-07-24 00:00:00+00:00,0.06803,0.0679,24.0,-0.0019109216522121305,-0.003905105624934846,-0.02792885491694841,DOGEUSDT
2022-08-04 00:00:00+00:00,2022-08-05 00:00:00+00:00,0.06686,0.06721,24.0,0.005234819024828045,0.003226357847955441,-0.01331139694884842,DOGEUSDT
2022-08-10 00:00:00+00:00,2022-08-11 00:00:00+00:00,0.06747,0.07206,24.0,0.06803023566029341,0.0658963091155178,0.0,DOGEUSDT
2022-10-06 00:00:00+00:00,2022-10-08 00:00:00+00:00,0.06478,0.06246,48.0,-0.03581352269218899,-0.03773996920029632,-0.04939796233405369,DOGEUSDT
2022-10-27 00:00:00+00:00,2022-10-29 00:00:00+00:00,0.07252,0.08415,48.0,0.1603695532266961,0.15805113254092862,0.0,DOGEUSDT
2022-11-02 00:00:00+00:00,2022-11-02 09:00:00+00:00,0.14327,0.13074,9.0,-0.08745724855168571,-0.08928051079234145,-0.08745724855168568,DOGEUSDT
2022-12-01 00:00:00+00:00,2022-12-02 00:00:00+00:00,0.10545,0.10338,24.0,-0.019630156472261757,-0.021588937378411055,-0.04144144144144146,DOGEUSDT
2022-12-05 00:00:00+00:00,2022-12-06 00:00:00+00:00,0.10412,0.1023,24.0,-0.017479830964272015,-0.019442908225082545,-0.03390318862850561,DOGEUSDT
2023-01-15 00:00:00+00:00,2023-01-17 00:00:00+00:00,0.08541,0.0834,48.0,-0.023533544081489263,-0.02548452601139628,-0.025875190258751957,DOGEUSDT
2023-01-19 00:00:00+00:00,2023-01-20 00:00:00+00:00,0.08029,0.08126,24.0,0.012081205629592709,0.010059065358604569,0.0,DOGEUSDT
2023-01-22 00:00:00+00:00,2023-01-23 00:00:00+00:00,0.08553,0.08873,24.0,0.03741377294516554,0.03534101815406654,-0.009821115398105817,DOGEUSDT
2023-01-24 00:00:00+00:00,2023-01-25 00:00:00+00:00,0.08898,0.08363,24.0,-0.060125870982243285,-0.06200374136989106,-0.06012587098224331,DOGEUSDT
2023-01-26 00:00:00+00:00,2023-01-28 00:00:00+00:00,0.08665,0.08806,48.0,0.016272360069244023,0.014241845863311564,-0.027697634160415485,DOGEUSDT
2023-01-30 00:00:00+00:00,2023-02-09 19:00:00+00:00,0.09088,0.08349,259.0,-0.08131602112676065,-0.0831515535520817,-0.08131602112676062,DOGEUSDT
2023-02-16 00:00:00+00:00,2023-02-24 15:00:00+00:00,0.08913,0.08181,207.0,-0.08212722988892636,-0.08396114151751988,-0.0821272298889264,DOGEUSDT
2023-07-27 00:00:00+00:00,2023-07-28 00:00:00+00:00,0.07718,0.07777,24.0,0.007644467478621498,0.005631191819323478,-0.002591344908007165,DOGEUSDT
2023-08-04 00:00:00+00:00,2023-08-05 00:00:00+00:00,0.07395,0.07368,24.0,-0.0036511156186613434,-0.005641822680362285,-0.0132521974306965,DOGEUSDT
2023-08-09 00:00:00+00:00,2023-08-12 00:00:00+00:00,0.07499,0.07626,72.0,0.016935591412188204,0.014903752068707421,-0.00426723563141751,DOGEUSDT
2024-03-06 00:00:00+00:00,2024-03-09 00:00:00+00:00,0.15259,0.16769,72.0,0.09895799200471854,0.09676227174097307,-0.04017301264827311,DOGEUSDT
2024-03-10 00:00:00+00:00,2024-03-13 00:00:00+00:00,0.17687,0.1674,72.0,-0.053542149601402196,-0.055433174277523145,-0.06942952450952689,DOGEUSDT
2024-03-14 00:00:00+00:00,2024-03-15 00:00:00+00:00,0.16678,0.1793,24.0,0.07506895311188377,0.0729209631955765,0.0,DOGEUSDT
2024-03-17 00:00:00+00:00,2024-03-19 08:00:00+00:00,0.14059,0.12777,56.0,-0.09118713991037769,-0.09300294982064661,-0.09118713991037763,DOGEUSDT
2024-07-16 00:00:00+00:00,2024-08-01 17:00:00+00:00,0.12496,0.11483,401.0,-0.08106594110115237,-0.08290197318686432,-0.0810659411011524,DOGEUSDT
2024-08-24 00:00:00+00:00,2024-08-27 00:00:00+00:00,0.11303,0.10557,72.0,-0.06600017694417418,-0.06786631045677316,-0.06909669999115287,DOGEUSDT
2024-09-10 00:00:00+00:00,2024-09-12 00:00:00+00:00,0.10327,0.1017,48.0,-0.015202866272876944,-0.017170492913690216,-0.04609276653432748,DOGEUSDT
2024-09-13 00:00:00+00:00,2024-09-14 00:00:00+00:00,0.10259,0.10724,24.0,0.045326055171069315,0.04323749162427415,-0.0066283263475972465,DOGEUSDT
2024-09-20 00:00:00+00:00,2024-09-21 00:00:00+00:00,0.10427,0.10519,24.0,0.008823247338640108,0.00680761647482675,0.0,DOGEUSDT
2024-09-25 00:00:00+00:00,2024-10-03 00:00:00+00:00,0.10988,0.10559,192.0,-0.039042591918456514,-0.040962586739798246,-0.055242082271569015,DOGEUSDT
2024-10-15 00:00:00+00:00,2024-11-18 00:00:00+00:00,0.11821,0.36205,816.0,2.0627696472379666,2.056650227363365,-0.046781152186786135,DOGEUSDT
2024-11-24 00:00:00+00:00,2024-11-24 15:00:00+00:00,0.44016,0.40171,15.0,-0.08735459832788074,-0.08917806566388886,-0.08735459832788073,DOGEUSDT
2025-04-23 00:00:00+00:00,2025-06-17 16:00:00+00:00,0.17932,0.16412,1336.0,-0.08476466651795683,-0.08659330854289582,-0.08476466651795678,DOGEUSDT
2025-09-11 00:00:00+00:00,2025-09-15 00:00:00+00:00,0.2458,0.2781,96.0,0.13140764849471126,0.12914709375246414,-0.00032546786004883366,DOGEUSDT
2025-09-17 00:00:00+00:00,2025-09-19 00:00:00+00:00,0.26974,0.28273,48.0,0.04815748498554164,0.0460632642363199,-0.031104026099206483,DOGEUSDT
2025-10-02 00:00:00+00:00,2025-10-10 20:00:00+00:00,0.24707,0.21899,212.0,-0.11365200145707702,-0.1154229265290907,-0.11365200145707699,DOGEUSDT
2022-03-17 00:00:00+00:00,2022-03-19 00:00:00+00:00,383.3862,399.0033,48.0,0.04073464303096995,0.038655253134804335,-0.0002237952226761264,BNBUSDT
2022-03-24 00:00:00+00:00,2022-03-26 00:00:00+00:00,411.3922,408.5316,48.0,-0.006953461927571735,-0.008937570894749336,-0.012546907792612472,BNBUSDT
2022-03-28 00:00:00+00:00,2022-04-02 00:00:00+00:00,429.6841,453.3727,120.0,0.055130268958055485,0.05302211657252509,-0.021873511260947387,BNBUSDT
2022-04-07 00:00:00+00:00,2022-04-08 00:00:00+00:00,418.0022,436.5309,24.0,0.04432680019387448,0.04224023316052028,0.0,BNBUSDT
2022-04-09 00:00:00+00:00,2022-04-10 00:00:00+00:00,424.3523,425.0075,24.0,0.0015440001149987388,-0.0004570867983177962,-0.010754743169767211,BNBUSDT
2022-07-08 00:00:00+00:00,2022-07-10 00:00:00+00:00,241.7925,241.4076,48.0,-0.0015918607897266771,-0.0035866822466901205,-0.016038545447025765,BNBUSDT
2022-07-15 00:00:00+00:00,2022-07-16 00:00:00+00:00,236.2412,236.9,24.0,0.0027886753030378006,0.000785101526208809,-0.0013029056743700806,BNBUSDT
2022-07-23 00:00:00+00:00,2022-07-24 00:00:00+00:00,264.7423,259.8558,24.0,-0.018457571759405326,-0.020418695492153693,-0.043426758776364816,BNBUSDT
2022-07-27 00:00:00+00:00,2022-07-28 00:00:00+00:00,249.4864,268.9847,24.0,0.0781537590826593,0.07599960571785913,0.0,BNBUSDT
2022-08-04 00:00:00+00:00,2022-08-05 00:00:00+00:00,302.2683,308.5289,24.0,0.020712062760137304,0.01867267801935779,-0.010674291680602965,BNBUSDT
2022-08-10 00:00:00+00:00,2022-08-11 00:00:00+00:00,319.0498,332.4214,24.0,0.04191069858059777,0.03982895892309424,-0.011400414606120957,BNBUSDT
2022-09-30 00:00:00+00:00,2022-10-01 00:00:00+00:00,284.8113,284.1544,24.0,-0.002306439386358643,-0.004299833113858176,-0.011885413254319688,BNBUSDT
2022-10-03 00:00:00+00:00,2022-10-04 00:00:00+00:00,285.708,286.2689,24.0,0.0019631931902499996,-3.873127166831303e-05,-0.00345422599297196,BNBUSDT
2022-10-06 00:00:00+00:00,2022-10-08 00:00:00+00:00,296.4047,282.0945,48.0,-0.04827926142871557,-0.05018080136592096,-0.05638102229822939,BNBUSDT
2022-10-27 00:00:00+00:00,2022-10-29 00:00:00+00:00,290.0898,296.9239,48.0,0.023558567036827828,0.02151349497481614,-0.013928100884622707,BNBUSDT
2022-11-02 00:00:00+00:00,2022-11-04 00:00:00+00:00,324.9237,338.0093,48.0,0.040272839438920585,0.038194372227254636,-0.023175286998147526,BNBUSDT
2022-12-05 00:00:00+00:00,2022-12-06 00:00:00+00:00,294.1568,289.5,24.0,-0.015831012575605853,-0.017797384178851128,-0.02490270495191671,BNBUSDT
2023-01-15 00:00:00+00:00,2023-01-17 00:00:00+00:00,302.7074,298.7156,48.0,-0.013186991794716654,-0.015158646156764988,-0.02678626290602748,BNBUSDT
2023-01-19 00:00:00+00:00,2023-01-20 00:00:00+00:00,288.1463,294.0078,24.0,0.020342097052781793,0.018303451504224855,0.0,BNBUSDT
2023-01-22 00:00:00+00:00,2023-01-23 00:00:00+00:00,301.3035,304.8545,24.0,0.011785458847972188,0.009763909479644672,-0.005958112003345395,BNBUSDT
2023-01-24 00:00:00+00:00,2023-01-25 00:00:00+00:00,306.3928,301.5533,24.0,-0.015795083957586612,-0.01776152734628267,-0.02021196320540175,BNBUSDT
2023-01-26 00:00:00+00:00,2023-01-28 00:00:00+00:00,308.8466,308.9434,48.0,0.0003134242047669404,-0.0016852040154222703,-0.027755850315334674,BNBUSDT
2023-01-30 00:00:00+00:00,2023-02-12 00:00:00+00:00,319.6933,309.4016,312.0,-0.03219241691959152,-0.03412609840426761,-0.049059520484164065,BNBUSDT
2023-03-14 00:00:00+00:00,2023-03-17 00:00:00+00:00,306.2437,327.3617,72.0,0.06895815326160178,0.06682237273560476,-0.01661226010526906,BNBUSDT
2023-03-18 00:00:00+00:00,2023-03-27 15:00:00+00:00,343.7789,313.9691,231.0,-0.08671212805672482,-0.08853687904961838,-0.08671212805672479,BNBUSDT
2023-04-23 00:00:00+00:00,2023-05-11 00:00:00+00:00,330.6138,313.2181,432.0,-0.05261637596494772,-0.054509250338643955,-0.0599615019094788,BNBUSDT
2023-05-29 00:00:00+00:00,2023-05-31 00:00:00+00:00,315.1577,311.5011,48.0,-0.011602445378932418,-0.01357726566788553,-0.013228615388422904,BNBUSDT
2023-08-09 00:00:00+00:00,2023-08-12 00:00:00+00:00,244.9548,240.3812,72.0,-0.018671199747871847,-0.02063189665147236,-0.02506503240597857,BNBUSDT
2023-09-29 00:00:00+00:00,2023-09-30 00:00:00+00:00,215.053,215.6262,24.0,0.0026653894621326566,0.0006620620106598807,-0.002119012522494468,BNBUSDT
2023-10-17 00:00:00+00:00,2023-10-19 00:00:00+00:00,213.8701,210.6883,48.0,-0.014877254931848863,-0.016845532144772135,-0.01714825962114397,BNBUSDT
2023-10-21 00:00:00+00:00,2024-01-28 00:00:00+00:00,212.0721,304.6015,2376.0,0.43631104704484924,0.43344129470310166,-0.0017621365563882385,BNBUSDT
2024-01-30 00:00:00+00:00,2024-03-05 00:00:00+00:00,310.4568,420.4566,840.0,0.35431596280062155,0.35161003680102,-0.044496367932671976,BNBUSDT
2024-03-06 00:00:00+00:00,2024-03-09 00:00:00+00:00,392.1899,483.6869,72.0,0.23329769583561422,0.23083356457520354,-0.0165932371027403,BNBUSDT
2024-03-10 00:00:00+00:00,2024-03-13 00:00:00+00:00,488.5616,532.7838,72.0,0.09051509574227701,0.08833624440213272,-0.0035242229434322425,BNBUSDT
2024-03-14 00:00:00+00:00,2024-03-15 00:00:00+00:00,619.3381,605.8324,24.0,-0.021806667472903808,-0.023761099705725153,-0.06515132849085192,BNBUSDT
2024-03-17 00:00:00+00:00,2024-03-19 08:00:00+00:00,571.6462,507.5758,56.0,-0.11208051413619124,-0.11385457904301188,-0.11208051413619124,BNBUSDT
2024-05-04 00:00:00+00:00,2024-06-24 00:00:00+00:00,587.5731,580.07,1224.0,-0.012769645172660056,-0.014742133394093249,-0.040761055943507096,BNBUSDT
2024-07-16 00:00:00+00:00,2024-08-03 00:00:00+00:00,583.09,533.98,432.0,-0.0842237047454081,-0.08605342761304968,-0.08422370474540808,BNBUSDT
2024-08-24 00:00:00+00:00,2024-08-27 00:00:00+00:00,591.08,550.42,72.0,-0.06878933477701847,-0.07064989554669465,-0.07237598971374448,BNBUSDT
2024-08-31 00:00:00+00:00,2024-09-01 00:00:00+00:00,536.62,530.3,24.0,-0.01177742163914884,-0.013751892325184478,-0.011777421639148855,BNBUSDT
2024-09-13 00:00:00+00:00,2024-09-14 00:00:00+00:00,543.82,556.5,24.0,0.02331653856055303,0.02127195007192051,-0.008054135559560138,BNBUSDT
2024-09-18 00:00:00+00:00,2024-09-19 00:00:00+00:00,545.73,560.66,24.0,0.027357850951935846,0.025305187913071014,-0.013871328312535569,BNBUSDT
2024-09-20 00:00:00+00:00,2024-09-21 00:00:00+00:00,560.92,570.66,24.0,0.0173643300292377,0.015331634065143485,0.0,BNBUSDT
2024-09-25 00:00:00+00:00,2024-10-01 17:00:00+00:00,604.39,551.91,161.0,-0.08683135061797849,-0.08865586340395659,-0.08683135061797853,BNBUSDT
2024-10-15 00:00:00+00:00,2024-11-18 00:00:00+00:00,590.03,620.98,816.0,0.05245495991729242,0.050352152804570505,-0.07745368879548487,BNBUSDT
2024-11-24 00:00:00+00:00,2024-11-26 18:00:00+00:00,660.17,604.54,66.0,-0.08426617386430768,-0.08609581187856474,-0.08426617386430768,BNBUSDT
2024-12-19 00:00:00+00:00,2024-12-20 10:00:00+00:00,695.43,632.85,34.0,-0.08998748975454025,-0.09180569656821724,-0.0899874897545403,BNBUSDT
2025-02-24 00:00:00+00:00,2025-02-25 00:00:00+00:00,654.35,614.25,24.0,-0.0612821884312677,-0.06315774849434197,-0.06299381065179188,BNBUSDT
2025-03-20 00:00:00+00:00,2025-03-22 00:00:00+00:00,623.14,634.54,48.0,0.018294444266135985,0.016259889931937943,-0.00844112077542769,BNBUSDT
2025-04-23 00:00:00+00:00,2025-06-22 00:00:00+00:00,615.5,631.7,1440.0,0.02632006498781486,0.024269475447379785,-0.049390739236393144,BNBUSDT
2025-09-11 00:00:00+00:00,2025-09-15 00:00:00+00:00,890.9,924.6,96.0,0.03782691660118986,0.035753336348240516,-0.0008979683466157073,BNBUSDT
2025-09-17 00:00:00+00:00,2025-09-19 00:00:00+00:00,959.6,985.8,48.0,0.027303042934555995,0.02525048940221919,-0.011463109629012092,BNBUSDT
2025-09-24 00:00:00+00:00,2025-09-25 00:00:00+00:00,1017.6,1016.4,24.0,-0.0011792452830189125,-0.0031748911465891982,-0.01474056603773588,BNBUSDT
2025-09-26 00:00:00+00:00,2025-09-27 00:00:00+00:00,955.5,962.8,24.0,0.00763997906855045,0.00562671237710477,-0.018942961800104685,BNBUSDT
2025-10-02 00:00:00+00:00,2025-10-14 00:00:00+00:00,1024.7,1302.3,288.0,0.2709085586025177,0.26836928076315214,0.0,BNBUSDT
2021-09-22 12:00:00+00:00,2021-09-24 00:00:00+00:00,22.97,25.1,36.0,0.09272964736612985,0.09054637134741661,0.0,LINKUSDT
2021-10-01 00:00:00+00:00,2021-10-02 00:00:00+00:00,23.99,26.29,24.0,0.09587328053355569,0.09368372352949272,-0.01208837015423092,LINKUSDT
2021-10-05 00:00:00+00:00,2021-10-12 02:00:00+00:00,26.88,24.44,170.0,-0.09077380952380944,-0.0925904452690165,-0.09077380952380942,LINKUSDT
2021-12-28 00:00:00+00:00,2021-12-28 19:00:00+00:00,22.88,21.03,19.0,-0.08085664335664326,-0.08269309361966681,-0.08085664335664322,LINKUSDT
2022-01-06 00:00:00+00:00,2022-01-07 00:00:00+00:00,24.99,24.64,24.0,-0.014005602240896274,-0.01597562101763772,-0.05562224889955969,LINKUSDT
2022-03-17 00:00:00+00:00,2022-03-19 00:00:00+00:00,14.72,15.13,48.0,0.027853260869565227,0.02579960800069503,-0.037364130434782705,LINKUSDT
2022-03-24 00:00:00+00:00,2022-03-26 00:00:00+00:00,15.98,15.56,48.0,-0.026282853566958694,-0.028228342371020676,-0.027534418022528206,LINKUSDT
2022-03-28 00:00:00+00:00,2022-04-02 00:00:00+00:00,16.76,17.56,120.0,0.04773269689737453,0.04563932487560174,-0.02863961813842486,LINKUSDT
2022-06-06 00:00:00+00:00,2022-06-07 00:00:00+00:00,7.86,7.51,24.0,-0.04452926208651406,-0.04643829452989756,-0.04452926208651409,LINKUSDT
2022-06-25 00:00:00+00:00,2022-06-26 00:00:00+00:00,7.22,7.22,24.0,0.0,-0.0019980019980019303,-0.05401662049861489,LINKUSDT
2022-07-23 00:00:00+00:00,2022-07-24 00:00:00+00:00,6.86,6.89,24.0,0.004373177842565504,0.0023664382264965145,-0.03206997084548113,LINKUSDT
2022-08-04 00:00:00+00:00,2022-08-05 00:00:00+00:00,7.43,7.37,24.0,-0.0080753701211305,-0.010057237513495743,-0.029609690444145298,LINKUSDT
2022-08-10 00:00:00+00:00,2022-08-11 00:00:00+00:00,8.48,9.12,24.0,0.0754716981132074,0.07332290351158277,-0.012971698113207641,LINKUSDT
2022-09-19 00:00:00+00:00,2022-09-20 00:00:00+00:00,7.64,7.24,24.0,-0.05235602094240831,-0.054249415505959964,-0.07460732984293184,LINKUSDT
2022-09-30 00:00:00+00:00,2022-10-01 00:00:00+00:00,7.85,7.57,24.0,-0.03566878980891712,-0.03759552549361456,-0.04076433121019096,LINKUSDT
2022-10-06 00:00:00+00:00,2022-10-08 00:00:00+00:00,7.87,7.63,48.0,-0.03049555273189329,-0.032432624554606604,-0.0406607369758577,LINKUSDT
2022-11-02 00:00:00+00:00,2022-11-04 00:00:00+00:00,7.7,7.84,48.0,0.01818181818181814,0.016147488874761695,-0.04025974025974033,LINKUSDT
2022-11-29 00:00:00+00:00,2022-11-30 00:00:00+00:00,7.23,7.61,24.0,0.05255878284923926,0.050455768298092174,0.0,LINKUSDT
2022-12-01 00:00:00+00:00,2022-12-02 00:00:00+00:00,7.65,7.69,24.0,0.0052287581699346445,0.0032203091026621333,-0.016993464052287632,LINKUSDT
2022-12-05 00:00:00+00:00,2022-12-06 00:00:00+00:00,7.49,7.31,24.0,-0.02403204272363159,-0.02598202865225563,-0.04005340453938577,LINKUSDT
2022-12-08 00:00:00+00:00,2022-12-09 00:00:00+00:00,6.82,6.98,24.0,0.02346041055718477,0.021415534612015508,-0.0029325513196482023,LINKUSDT
2022-12-14 00:00:00+00:00,2022-12-15 00:00:00+00:00,6.92,6.67,24.0,-0.036127167630057806,-0.03805298747495267,-0.036127167630057855,LINKUSDT
2023-01-15 00:00:00+00:00,2023-01-17 00:00:00+00:00,6.8006,6.6613,48.0,-0.020483486751169077,-0.022440562701716127,-0.03430579654736343,LINKUSDT
2023-01-19 00:00:00+00:00,2023-01-20 00:00:00+00:00,6.3549,6.4783,24.0,0.019418086830634656,0.017381287456347705,0.0,LINKUSDT
2023-01-22 00:00:00+00:00,2023-01-23 00:00:00+00:00,6.8988,7.1088,24.0,0.03044007653504957,0.028381255203311362,-0.012625384124775207,LINKUSDT
2023-01-24 00:00:00+00:00,2023-01-25 00:00:00+00:00,7.0607,6.649,24.0,-0.05830866627954732,-0.06019016744582195,-0.05830866627954734,LINKUSDT
2023-01-26 00:00:00+00:00,2023-01-28 00:00:00+00:00,7.0262,7.4608,48.0,0.061854202840795826,0.05973261602193314,-0.02210298596681004,LINKUSDT
2023-01-30 00:00:00+00:00,2023-02-01 08:00:00+00:00,7.4187,6.8155,56.0,-0.08130804588404979,-0.0831435942439217,-0.08130804588404983,LINKUSDT
2023-02-16 00:00:00+00:00,2023-02-26 00:00:00+00:00,7.2907,7.3226,240.0,0.004375437200817516,0.002368693070546213,-0.03788387946287741,LINKUSDT
2023-03-18 00:00:00+00:00,2023-04-22 00:00:00+00:00,7.2507,7.0891,840.0,-0.022287503275545805,-0.02424097479747267,-0.06657288261823002,LINKUSDT
2023-07-27 00:00:00+00:00,2023-07-28 00:00:00+00:00,7.739,8.0769,24.0,0.043661971830985954,0.04157673312602905,0.0,LINKUSDT
2023-08-04 00:00:00+00:00,2023-08-05 00:00:00+00:00,7.1726,7.1756,24.0,0.00041825837213843147,-0.0015805793069267882,-0.016981289908819752,LINKUSDT
2023-08-09 00:00:00+00:00,2023-08-12 00:00:00+00:00,7.4387,7.5232,72.0,0.011359511742643236,0.009338813417483216,-0.007165230483821117,LINKUSDT
2023-09-21 00:00:00+00:00,2023-09-23 00:00:00+00:00,6.8853,7.0815,48.0,0.02849549039257551,0.02644055434783521,-0.03282355162447537,LINKUSDT
2023-09-27 00:00:00+00:00,2023-09-28 00:00:00+00:00,7.338,7.6944,24.0,0.04856909239574814,0.04647404925409848,-0.00737258108476424,LINKUSDT
2023-09-29 00:00:00+00:00,2023-09-30 00:00:00+00:00,7.7841,8.0093,24.0,0.028930769131948468,0.026874963399417195,-0.010868308474968225,LINKUSDT
2023-10-06 00:00:00+00:00,2023-10-07 00:00:00+00:00,7.4972,7.6519,24.0,0.020634370164861554,0.018595140654042774,-0.004414981593128142,LINKUSDT
2023-10-09 00:00:00+00:00,2023-10-10 00:00:00+00:00,7.5925,7.2953,24.0,-0.03914389199868293,-0.04106368442226194,-0.043793216990451134,LINKUSDT
2023-10-11 00:00:00+00:00,2023-10-13 00:00:00+00:00,7.323,7.2337,48.0,-0.012194455824115881,-0.014168093275016669,-0.021398334016113685,LINKUSDT
2023-10-17 00:00:00+00:00,2023-10-19 00:00:00+00:00,7.4915,7.3419,48.0,-0.01996929853834351,-0.021927401837967153,-0.02744443702863253,LINKUSDT
2024-01-30 00:00:00+00:00,2024-03-05 00:00:00+00:00,14.9148,20.1824,840.0,0.3531793922814923,0.35047573715205904,0.0,LINKUSDT
2024-03-10 00:00:00+00:00,2024-03-13 00:00:00+00:00,19.9891,20.517,72.0,0.026409393119249936,0.024358625101029707,-0.020356094071268815,LINKUSDT
2024-03-14 00:00:00+00:00,2024-03-15 00:00:00+00:00,20.6115,20.7683,24.0,0.007607403633893724,0.005594202028231798,-0.017451422749436007,LINKUSDT
2024-07-16 00:00:00+00:00,2024-07-25 01:00:00+00:00,14.4005,13.025,217.0,-0.09551751675289046,-0.09732467456157601,-0.09551751675289044,LINKUSDT
2024-08-24 00:00:00+00:00,2024-08-27 00:00:00+00:00,12.0596,11.8466,72.0,-0.017662277355799463,-0.019624990088355276,-0.01816809844439282,LINKUSDT
2024-08-31 00:00:00+00:00,2024-09-01 00:00:00+00:00,11.1285,10.9862,24.0,-0.012786988363211621,-0.01475944193291534,-0.012786988363211571,LINKUSDT
2024-09-13 00:00:00+00:00,2024-09-14 00:00:00+00:00,10.8075,11.4334,24.0,0.0579134860050892,0.05579977274633796,-0.01434189220448756,LINKUSDT
2024-09-20 00:00:00+00:00,2024-09-21 00:00:00+00:00,11.1705,11.4357,24.0,0.023741103800188002,0.021695667029358656,0.0,LINKUSDT
2024-09-25 00:00:00+00:00,2024-10-01 18:00:00+00:00,12.1614,11.1582,162.0,-0.08249050273817156,-0.08432368854688643,-0.0824905027381716,LINKUSDT
2024-11-24 00:00:00+00:00,2024-11-24 11:00:00+00:00,18.2754,16.6934,11.0,-0.0865644527616359,-0.08838949881006408,-0.08656445276163593,LINKUSDT
2024-12-19 00:00:00+00:00,2024-12-19 18:00:00+00:00,25.0872,22.896,18.0,-0.08734334640772978,-0.0891668362250968,-0.08734334640772978,LINKUSDT
2025-04-23 00:00:00+00:00,2025-06-05 20:00:00+00:00,14.05,12.67,1052.0,-0.09822064056939507,-0.10002239753129427,-0.09822064056939506,LINKUSDT
