period,variant,n_trades,stopped,win_rate,total_ret,max_dd,ratio,avg_hours,give_back
2021-07-05..2025-11-30,fixed (сейчас),388,54,0.45103092783505155,3.22001822358967,-0.4863216476068685,6.621169835714696,152.18556701030928,0.05916335831045251
2021-07-05..2025-11-30,trail 8% от пика,574,248,0.44947735191637633,2.18469837412339,-0.46015356116795064,4.747759353591095,97.96515679442508,0.05572924679600542
2021-07-05..2025-11-30,trail 12% от пика,457,121,0.45295404814004375,2.419610025531078,-0.4772183858800954,5.070236388878409,126.07002188183807,0.060099746987619294
2021-07-05..2025-11-30,в безубыток при +10%,404,74,0.4207920792079208,2.045577383537691,-0.38059095256493225,5.374739913683832,142.89851485148515,0.057287564653750365
2021-07-05..2025-11-30,trail 10% после +20%,428,99,0.4602803738317757,2.7430855788372894,-0.4627295404665254,5.9280537310665355,136.89719626168224,0.0589462861679821
2025-12-01..2026-09-15,fixed (сейчас),89,0,0.5955056179775281,0.38196337221079535,-0.14660634016622798,2.6053673516282476,61.247191011235955,0.025199905403656676
2025-12-01..2026-09-15,trail 8% от пика,99,12,0.5454545454545454,0.34167992534737235,-0.1474142554038365,2.3178214644937247,53.90909090909091,0.028081911322507924
2025-12-01..2026-09-15,trail 12% от пика,93,4,0.5806451612903226,0.3820060400743468,-0.1453969599852834,2.627331686391601,58.61290322580645,0.027163744227790408
2025-12-01..2026-09-15,в безубыток при +10%,89,0,0.5955056179775281,0.38196337221079535,-0.14660634016622798,2.6053673516282476,61.247191011235955,0.025199905403656676
2025-12-01..2026-09-15,trail 10% после +20%,94,4,0.5851063829787234,0.3844973960187028,-0.14703918745700398,2.614931452413898,57.98936170212766,0.026083339706859925
